number,title,url,status_at_snapshot,updated_at,assessment,priority,native_scope_and_limits,native_evidence
3186,[Bug] 无法在有语音通话的背景下启动piliplus,https://github.com/bggRGjQaUbCoE/PiliPlus/issues/3186,open,2026-10-05T04:22:25Z,原生复现与回归候选,P0/P1,将现象转为 AVPlayer/AVAudioSession、网络、队列或布局测试；先在本仓库复现再修复。上游 bug 不等于原生仓库已确认 bug，模拟器不能代替音频路由和真机能耗验收。,
3184,[Bug] 音量调节问题,https://github.com/bggRGjQaUbCoE/PiliPlus/issues/3184,open,2026-10-05T02:01:21Z,可实现的原生增强,P1,统一音频中断/路由切换/拔出耳机策略，分别配置直播与视频后台行为；混音为可选设置。使用 AVAudioSession，不能承诺蓝牙或 AirPlay 零延迟。,bili/Sources/Features/Player; bili/Sources/Features/Live
3182,[FR] 4个想法,https://github.com/bggRGjQaUbCoE/PiliPlus/issues/3182,open,2026-10-04T14:13:22Z,复合需求需拆分,P1/P2,四项分别是组合输入、交互热点、折叠评论、应用内小窗；对应不同层，不能以系统 PiP 或基础互动视频标为全部完成。,
3181,[Bug],https://github.com/bggRGjQaUbCoE/PiliPlus/issues/3181,open,2026-10-04T13:52:34Z,平台或后端不直接适用,不直接移植,报告针对 Android/Windows/Linux/macOS 或 mpv/Flutter/桌面集成；当前产品为 SwiftUI + AVPlayer 的 iOS 应用。可提取通用验收场景，但未证明存在同一缺陷。,bili.xcodeproj/project.pbxproj; bili/Sources/Features/Player
3173,[FR] 消息中看客服消息,https://github.com/bggRGjQaUbCoE/PiliPlus/issues/3173,open,2026-10-04T03:10:08Z,可实现的原生增强,P1,可补原生 API/入口：账号用途隔离、视频举报、折叠评论/翻译、消息/动态/订阅/专栏与收藏搜索；按正文拆分实现，写请求绑定账号且失败不盲目重试。,bili/Sources/Services; bili/Sources/Features/Mine; bili/Sources/Features/Dynamic
3165,[Bug]IOS 在外放时使用Facetime软件闪退,https://github.com/bggRGjQaUbCoE/PiliPlus/issues/3165,open,2026-10-04T11:48:45Z,原生复现与回归候选,P0/P1,将现象转为 AVPlayer/AVAudioSession、网络、队列或布局测试；先在本仓库复现再修复。上游 bug 不等于原生仓库已确认 bug，模拟器不能代替音频路由和真机能耗验收。,
3164,[Bug] Linux版本下“蜂窝网络画质”永远不生效,https://github.com/bggRGjQaUbCoE/PiliPlus/issues/3164,open,2026-10-04T09:24:45Z,平台或后端不直接适用,不直接移植,报告针对 Android/Windows/Linux/macOS 或 mpv/Flutter/桌面集成；当前产品为 SwiftUI + AVPlayer 的 iOS 应用。可提取通用验收场景，但未证明存在同一缺陷。,bili.xcodeproj/project.pbxproj; bili/Sources/Features/Player
3152,[FR] 希望增加视频保存功能,https://github.com/bggRGjQaUbCoE/PiliPlus/issues/3152,open,2026-10-02T04:07:26Z,已有基础，核对剩余差异,核验/增量,完整视频的合并与系统分享导出已有；不等于 GIF、Live Photo、仅音频或任意视频录屏导出。,
3150,字幕颜色自定义,https://github.com/bggRGjQaUbCoE/PiliPlus/issues/3150,open,2026-10-02T02:05:37Z,可实现的原生增强,P1/P2,字幕增加前景色和双轨时间轴对齐；区分服务端现成双语与两条字幕合成。按静音/人工字幕优先策略选轨，粉丝阈值另评估必要性，避免额外逐 UP 请求。,bili/Sources/Features/Player/PiliSubtitleViews.swift; bili/Sources/Features/Player/PiliSubtitleController.swift
3149,[Bug] 联想小新Pad Pro 2021 (ZUI 12) 新版播放出现轻微爆裂/啵声，旧版正常,https://github.com/bggRGjQaUbCoE/PiliPlus/issues/3149,open,2026-10-05T07:30:22Z,平台或后端不直接适用,不直接移植,报告针对 Android/Windows/Linux/macOS 或 mpv/Flutter/桌面集成；当前产品为 SwiftUI + AVPlayer 的 iOS 应用。可提取通用验收场景，但未证明存在同一缺陷。,bili.xcodeproj/project.pbxproj; bili/Sources/Features/Player
3147,[Bug] 播放有观看进度的视频后卡死闪退,https://github.com/bggRGjQaUbCoE/PiliPlus/issues/3147,open,2026-10-01T13:23:48Z,平台或后端不直接适用,不直接移植,报告针对 Android/Windows/Linux/macOS 或 mpv/Flutter/桌面集成；当前产品为 SwiftUI + AVPlayer 的 iOS 应用。可提取通用验收场景，但未证明存在同一缺陷。,bili.xcodeproj/project.pbxproj; bili/Sources/Features/Player
3142,跟进增加B站的应用内小窗,https://github.com/bggRGjQaUbCoE/PiliPlus/issues/3142,open,2026-09-30T20:34:38Z,较大功能或外部依赖,P2/专项,需要独立设计或协议/设备验证：高级弹幕/互动、人像蒙版、富文本笔记、一起看、小窗、预览、第三方数据源、离线格式或投屏/直播鉴权。不能只加按钮或复制 Flutter 代码即视为完成。,
3141,"[Bug] iPad 9 返回前台后画面变灰,硬解回退为软件解码",https://github.com/bggRGjQaUbCoE/PiliPlus/issues/3141,open,2026-09-30T13:59:49Z,原生复现与回归候选,P0/P1,mpv videotoolbox 回退机制不适用 AVPlayer；画面变灰/后台恢复仍纳入原生 HDR 与前后台回归，尚未复现。,
3140,安卓9，32位设备验证码登录时的问题,https://github.com/bggRGjQaUbCoE/PiliPlus/issues/3140,open,2026-09-30T12:56:54Z,平台或后端不直接适用,不直接移植,报告针对 Android/Windows/Linux/macOS 或 mpv/Flutter/桌面集成；当前产品为 SwiftUI + AVPlayer 的 iOS 应用。可提取通用验收场景，但未证明存在同一缺陷。,bili.xcodeproj/project.pbxproj; bili/Sources/Features/Player
3133,视频长按倍速卡死,https://github.com/bggRGjQaUbCoE/PiliPlus/issues/3133,open,2026-09-30T05:33:46Z,平台或后端不直接适用,不直接移植,报告针对 Android/Windows/Linux/macOS 或 mpv/Flutter/桌面集成；当前产品为 SwiftUI + AVPlayer 的 iOS 应用。可提取通用验收场景，但未证明存在同一缺陷。,bili.xcodeproj/project.pbxproj; bili/Sources/Features/Player
3132,[FR] 接入官版“首页推荐标题屏蔽词”？,https://github.com/bggRGjQaUbCoE/PiliPlus/issues/3132,open,2026-09-30T01:28:06Z,可实现的原生增强,P1/P2,在已有本地过滤上补 MID/作者/纯 @/正则/话题规则，直播也在展示前过滤；官方云屏蔽词与本地规则不同。等级、完播率等字段需确认接口是否提供，不为每条内容额外请求。,bili/Sources/Features/Home/VideoRecommendationFilter.swift; bili/Sources/Features/Dynamic/DynamicFeedContentFilter.swift
3127,[FR] 希望为 PiliPlus 首页增加类似官方哔哩哔哩客户端的视频预览交互,https://github.com/bggRGjQaUbCoE/PiliPlus/issues/3127,open,2026-09-29T14:58:53Z,较大功能或外部依赖,P2/专项,需要独立设计或协议/设备验证：高级弹幕/互动、人像蒙版、富文本笔记、一起看、小窗、预览、第三方数据源、离线格式或投屏/直播鉴权。不能只加按钮或复制 Flutter 代码即视为完成。,
3110,[Bug] 电脑版笔记本全屏后息屏，黑屏覆盖屏幕问题,https://github.com/bggRGjQaUbCoE/PiliPlus/issues/3110,open,2026-09-27T15:06:46Z,平台或后端不直接适用,不直接移植,报告针对 Android/Windows/Linux/macOS 或 mpv/Flutter/桌面集成；当前产品为 SwiftUI + AVPlayer 的 iOS 应用。可提取通用验收场景，但未证明存在同一缺陷。,bili.xcodeproj/project.pbxproj; bili/Sources/Features/Player
3108,[Bug] ios在前台播放视频时仍然会显示灵动岛,https://github.com/bggRGjQaUbCoE/PiliPlus/issues/3108,open,2026-09-28T13:51:21Z,原生复现与回归候选,P0/P1,将现象转为 AVPlayer/AVAudioSession、网络、队列或布局测试；先在本仓库复现再修复。上游 bug 不等于原生仓库已确认 bug，模拟器不能代替音频路由和真机能耗验收。,
3104,[FR] 希望增加更丰富的震动反馈,https://github.com/bggRGjQaUbCoE/PiliPlus/issues/3104,open,2026-09-27T10:29:16Z,可实现的界面与交互增强,P1/P2,可按 SwiftUI/UIKit 的现有导航与设置逐项补齐，统一液态玻璃组件；优先快捷入口、搜索、精确进度、触控和无障碍，复杂手势/自定义布局后置。部分已有基础需先核对。,
3102,[Bug] 长按视频进行快进时出现微卡顿,https://github.com/bggRGjQaUbCoE/PiliPlus/issues/3102,open,2026-09-27T10:03:00Z,原生复现与回归候选,P0/P1,将现象转为 AVPlayer/AVAudioSession、网络、队列或布局测试；先在本仓库复现再修复。上游 bug 不等于原生仓库已确认 bug，模拟器不能代替音频路由和真机能耗验收。,
3094,优化海外播放视频体验,https://github.com/bggRGjQaUbCoE/PiliPlus/issues/3094,open,2026-09-30T13:17:44Z,可实现的原生增强,P1/P2,扩充现有网络/播放诊断与设置：用户主动导出脱敏日志、CDN 禁用/排序/测速、可选最佳音质、SponsorBlock 镜像；多 CDN 并发不能直接当作稳定性修复。,
3090,[Bug] 安卓端播放视频完毕后没有正确的从头播放,https://github.com/bggRGjQaUbCoE/PiliPlus/issues/3090,open,2026-09-27T02:11:47Z,原生复现与回归候选,P0/P1,将现象转为 AVPlayer/AVAudioSession、网络、队列或布局测试；先在本仓库复现再修复。上游 bug 不等于原生仓库已确认 bug，模拟器不能代替音频路由和真机能耗验收。,
3087,[Bug],https://github.com/bggRGjQaUbCoE/PiliPlus/issues/3087,open,2026-09-27T01:45:23Z,信息不足,需补信息,正文缺少可执行需求或复现步骤；不据此承诺修复。二维码自登录已有，扫码授权其他设备需另行区分。,
3086,[Bug] 无法将默认画质，蜂窝网络画质改为240p视频，实际为最高画质,https://github.com/bggRGjQaUbCoE/PiliPlus/issues/3086,open,2026-09-26T10:07:01Z,原生复现与回归候选,P0/P1,将现象转为 AVPlayer/AVAudioSession、网络、队列或布局测试；先在本仓库复现再修复。上游 bug 不等于原生仓库已确认 bug，模拟器不能代替音频路由和真机能耗验收。,
3084,[Bug] 部分视频首次进入可正常播放，退出重进后无法播放，离线缓存后恢复正常,https://github.com/bggRGjQaUbCoE/PiliPlus/issues/3084,open,2026-09-26T08:49:10Z,原生复现与回归候选,P0/P1,将现象转为 AVPlayer/AVAudioSession、网络、队列或布局测试；先在本仓库复现再修复。上游 bug 不等于原生仓库已确认 bug，模拟器不能代替音频路由和真机能耗验收。,
3083,[Bug],https://github.com/bggRGjQaUbCoE/PiliPlus/issues/3083,open,2026-09-26T08:27:15Z,原生复现与回归候选,P0/P1,将现象转为 AVPlayer/AVAudioSession、网络、队列或布局测试；先在本仓库复现再修复。上游 bug 不等于原生仓库已确认 bug，模拟器不能代替音频路由和真机能耗验收。,
3079,[Bug]部分视频合集在离线下载时会全部分开,https://github.com/bggRGjQaUbCoE/PiliPlus/issues/3079,open,2026-09-27T09:32:10Z,可实现的原生增强,P1,完善离线队列：合集归组与批量入队、章节元数据、仅音频下载/导出、并发上限与编码/音质选择。现有 URLSession 下载、视频合并导出与字幕保存可复用。,bili/Sources/Services/PiliOfflineStore.swift; bili/Sources/Services/PiliOfflineSessionDelegate.swift
3076,[FR] 建议为 README 补充英文说明（便于包管理器收录）,https://github.com/bggRGjQaUbCoE/PiliPlus/issues/3076,open,2026-09-29T14:38:22Z,发布与分发增强,P2,可改善英文说明、IPA 命名/版本识别、忽略版本及 AltStore 源；Homebrew 不属于当前 iOS 工程，安装仍需用户自己的签名方式。,
3072,[FR] 尊敬的开发者，可否请求您考虑优化以下使用痛点,https://github.com/bggRGjQaUbCoE/PiliPlus/issues/3072,open,2026-09-25T11:10:45Z,复合需求需拆分,P1/P2,独立搜索入口已随液态玻璃底栏交付；刷新撤销、作者可点击范围及回顶按钮按具体页面继续核验。,
3071,[Bug] 安卓端长按图标后点击shortcut进入搜索，不会自动弹出输入法,https://github.com/bggRGjQaUbCoE/PiliPlus/issues/3071,open,2026-09-25T08:58:37Z,平台或后端不直接适用,不直接移植,报告针对 Android/Windows/Linux/macOS 或 mpv/Flutter/桌面集成；当前产品为 SwiftUI + AVPlayer 的 iOS 应用。可提取通用验收场景，但未证明存在同一缺陷。,bili.xcodeproj/project.pbxproj; bili/Sources/Features/Player
3070,[Bug] 2.1.5 mac os 27 無法全屏 上面的 title 欄撤不掉,https://github.com/bggRGjQaUbCoE/PiliPlus/issues/3070,open,2026-09-25T07:57:32Z,平台或后端不直接适用,不直接移植,报告针对 Android/Windows/Linux/macOS 或 mpv/Flutter/桌面集成；当前产品为 SwiftUI + AVPlayer 的 iOS 应用。可提取通用验收场景，但未证明存在同一缺陷。,bili.xcodeproj/project.pbxproj; bili/Sources/Features/Player
3069,[FR] 缓存视频保存分段信息,https://github.com/bggRGjQaUbCoE/PiliPlus/issues/3069,open,2026-09-25T00:55:09Z,可实现的原生增强,P1,完善离线队列：合集归组与批量入队、章节元数据、仅音频下载/导出、并发上限与编码/音质选择。现有 URLSession 下载、视频合并导出与字幕保存可复用。,bili/Sources/Services/PiliOfflineStore.swift; bili/Sources/Services/PiliOfflineSessionDelegate.swift
3068,[Bug] Linux 桌面端：视频输出回退 S/W 渲染（日志确认），并伴随快速画面块状异常与播放时界面掉帧,https://github.com/bggRGjQaUbCoE/PiliPlus/issues/3068,open,2026-09-24T23:16:13Z,平台或后端不直接适用,不直接移植,报告针对 Android/Windows/Linux/macOS 或 mpv/Flutter/桌面集成；当前产品为 SwiftUI + AVPlayer 的 iOS 应用。可提取通用验收场景，但未证明存在同一缺陷。,bili.xcodeproj/project.pbxproj; bili/Sources/Features/Player
3064,[FR] 希望增加将评论区超链接标题，可以还原为传送门链接或短链接的选择开关功能,https://github.com/bggRGjQaUbCoE/PiliPlus/issues/3064,open,2026-09-24T05:15:48Z,可实现的界面与交互增强,P1/P2,可按 SwiftUI/UIKit 的现有导航与设置逐项补齐，统一液态玻璃组件；优先快捷入口、搜索、精确进度、触控和无障碍，复杂手势/自定义布局后置。部分已有基础需先核对。,
3057,[Bug] 在使用iOS27的iPhone上无法进行后台播放,https://github.com/bggRGjQaUbCoE/PiliPlus/issues/3057,open,2026-09-23T04:58:11Z,原生复现与回归候选,P0/P1,将现象转为 AVPlayer/AVAudioSession、网络、队列或布局测试；先在本仓库复现再修复。上游 bug 不等于原生仓库已确认 bug，模拟器不能代替音频路由和真机能耗验收。,
3052,[Bug] 返回视频后cc字幕出现问题,https://github.com/bggRGjQaUbCoE/PiliPlus/issues/3052,open,2026-09-22T17:25:01Z,原生复现与回归候选,P0/P1,将现象转为 AVPlayer/AVAudioSession、网络、队列或布局测试；先在本仓库复现再修复。上游 bug 不等于原生仓库已确认 bug，模拟器不能代替音频路由和真机能耗验收。,
3048,[Bug],https://github.com/bggRGjQaUbCoE/PiliPlus/issues/3048,open,2026-09-22T10:48:05Z,原生复现与回归候选,P0/P1,将现象转为 AVPlayer/AVAudioSession、网络、队列或布局测试；先在本仓库复现再修复。上游 bug 不等于原生仓库已确认 bug，模拟器不能代替音频路由和真机能耗验收。,
3047,[Bug] 播放视频后暂停切出再切回继续播放会导致视频画面卡住进而导致整个应用卡死,https://github.com/bggRGjQaUbCoE/PiliPlus/issues/3047,open,2026-09-22T03:06:34Z,平台或后端不直接适用,不直接移植,报告针对 Android/Windows/Linux/macOS 或 mpv/Flutter/桌面集成；当前产品为 SwiftUI + AVPlayer 的 iOS 应用。可提取通用验收场景，但未证明存在同一缺陷。,bili.xcodeproj/project.pbxproj; bili/Sources/Features/Player
3046,[Bug] Windows客户端短信登录里按下获取验证码客户端闪退,https://github.com/bggRGjQaUbCoE/PiliPlus/issues/3046,open,2026-09-25T02:03:23Z,平台或后端不直接适用,不直接移植,报告针对 Android/Windows/Linux/macOS 或 mpv/Flutter/桌面集成；当前产品为 SwiftUI + AVPlayer 的 iOS 应用。可提取通用验收场景，但未证明存在同一缺陷。,bili.xcodeproj/project.pbxproj; bili/Sources/Features/Player
3040,[Bug],https://github.com/bggRGjQaUbCoE/PiliPlus/issues/3040,open,2026-09-21T14:30:19Z,已有基础，核对剩余差异,核验/增量,听视频与视频已共用分 P/合集/收藏队列和上一下一控制；将原报告的进度/回切场景加入真机回归。,
3037,[FR] 一起看：多人同步播放（已有可运行实现与 CI）,https://github.com/bggRGjQaUbCoE/PiliPlus/issues/3037,open,2026-09-24T02:44:56Z,较大功能或外部依赖,P2/专项,PR #3161 实现 VideoTogether 兼容协议；原生需要房间状态机、鉴权边界、时钟同步与重连，建议独立可选模块。,
3036,[Bug] 无法正常举报视频，会触发网页登陆跳转死循环,https://github.com/bggRGjQaUbCoE/PiliPlus/issues/3036,open,2026-09-21T05:00:22Z,可实现的原生增强,P1,可补原生 API/入口：账号用途隔离、视频举报、折叠评论/翻译、消息/动态/订阅/专栏与收藏搜索；按正文拆分实现，写请求绑定账号且失败不盲目重试。,bili/Sources/Services; bili/Sources/Features/Mine; bili/Sources/Features/Dynamic
3034,[Bug] Android 返回到暂停的视频导致画面被裁剪拉伸,https://github.com/bggRGjQaUbCoE/PiliPlus/issues/3034,open,2026-09-20T16:59:35Z,平台或后端不直接适用,不直接移植,报告针对 Android/Windows/Linux/macOS 或 mpv/Flutter/桌面集成；当前产品为 SwiftUI + AVPlayer 的 iOS 应用。可提取通用验收场景，但未证明存在同一缺陷。,bili.xcodeproj/project.pbxproj; bili/Sources/Features/Player
3022,[Bug],https://github.com/bggRGjQaUbCoE/PiliPlus/issues/3022,open,2026-09-19T11:01:11Z,原生复现与回归候选,P0/P1,将现象转为 AVPlayer/AVAudioSession、网络、队列或布局测试；先在本仓库复现再修复。上游 bug 不等于原生仓库已确认 bug，模拟器不能代替音频路由和真机能耗验收。,
3021,[Bug] PC端上下滑动进入/退出全屏功能在使用触摸屏控制时会出现操作异常,https://github.com/bggRGjQaUbCoE/PiliPlus/issues/3021,open,2026-09-30T05:50:42Z,平台或后端不直接适用,不直接移植,报告针对 Android/Windows/Linux/macOS 或 mpv/Flutter/桌面集成；当前产品为 SwiftUI + AVPlayer 的 iOS 应用。可提取通用验收场景，但未证明存在同一缺陷。,bili.xcodeproj/project.pbxproj; bili/Sources/Features/Player
3020,[Bug] 平板全屏播放横屏→竖屏→横屏后仍保持竖屏布局比例,https://github.com/bggRGjQaUbCoE/PiliPlus/issues/3020,open,2026-09-19T03:02:41Z,平台或后端不直接适用,不直接移植,报告针对 Android/Windows/Linux/macOS 或 mpv/Flutter/桌面集成；当前产品为 SwiftUI + AVPlayer 的 iOS 应用。可提取通用验收场景，但未证明存在同一缺陷。,bili.xcodeproj/project.pbxproj; bili/Sources/Features/Player
3019,[FR] 对话跳转功能希望改进,https://github.com/bggRGjQaUbCoE/PiliPlus/issues/3019,open,2026-09-27T05:24:06Z,已有基础，核对剩余差异,核验/增量,已有 VideoCommentRoute 与消息评论锚点路由；对话深层跳转、删除回复和动态类型仍需实测。,
3018,[Bug] 后台播放时声音中断,https://github.com/bggRGjQaUbCoE/PiliPlus/issues/3018,open,2026-09-19T01:35:48Z,平台或后端不直接适用,不直接移植,报告针对 Android/Windows/Linux/macOS 或 mpv/Flutter/桌面集成；当前产品为 SwiftUI + AVPlayer 的 iOS 应用。可提取通用验收场景，但未证明存在同一缺陷。,bili.xcodeproj/project.pbxproj; bili/Sources/Features/Player
3013,[FR] 最近看到了个多线程请求B站CDN数据的项目，希望有可能的话，参考下该项目优化一下海外用户的视频体验,https://github.com/bggRGjQaUbCoE/PiliPlus/issues/3013,open,2026-09-20T05:28:34Z,可实现的原生增强,P1/P2,扩充现有网络/播放诊断与设置：用户主动导出脱敏日志、CDN 禁用/排序/测速、可选最佳音质、SponsorBlock 镜像；多 CDN 并发不能直接当作稳定性修复。,
3012,[FR] 希望可以根据其他人账号的的blibil等级进行屏蔽评论以及其发布的视频 l hope to be able to block comments and videos posted by others based on their Bilibili level.,https://github.com/bggRGjQaUbCoE/PiliPlus/issues/3012,open,2026-09-18T01:28:34Z,可实现的原生增强,P1/P2,在已有本地过滤上补 MID/作者/纯 @/正则/话题规则，直播也在展示前过滤；官方云屏蔽词与本地规则不同。等级、完播率等字段需确认接口是否提供，不为每条内容额外请求。,bili/Sources/Features/Home/VideoRecommendationFilter.swift; bili/Sources/Features/Dynamic/DynamicFeedContentFilter.swift
3011,[FR] 分区侧栏右侧支持,https://github.com/bggRGjQaUbCoE/PiliPlus/issues/3011,open,2026-09-18T11:48:43Z,可实现的界面与交互增强,P1/P2,可按 SwiftUI/UIKit 的现有导航与设置逐项补齐，统一液态玻璃组件；优先快捷入口、搜索、精确进度、触控和无障碍，复杂手势/自定义布局后置。部分已有基础需先核对。,
3010,[Bug] 播放视频随机卡死,https://github.com/bggRGjQaUbCoE/PiliPlus/issues/3010,open,2026-09-22T06:13:01Z,平台或后端不直接适用,不直接移植,报告针对 Android/Windows/Linux/macOS 或 mpv/Flutter/桌面集成；当前产品为 SwiftUI + AVPlayer 的 iOS 应用。可提取通用验收场景，但未证明存在同一缺陷。,bili.xcodeproj/project.pbxproj; bili/Sources/Features/Player
3008,[FR] 希望可以加个使用FreeDownloadManager下载视频的功能,https://github.com/bggRGjQaUbCoE/PiliPlus/issues/3008,open,2026-09-17T13:52:15Z,平台或后端不直接适用,不直接移植,报告针对 Android/Windows/Linux/macOS 或 mpv/Flutter/桌面集成；当前产品为 SwiftUI + AVPlayer 的 iOS 应用。可提取通用验收场景，但未证明存在同一缺陷。,bili.xcodeproj/project.pbxproj; bili/Sources/Features/Player
3002,[FR] 希望能收藏动态,https://github.com/bggRGjQaUbCoE/PiliPlus/issues/3002,open,2026-09-17T08:36:04Z,可实现的原生增强,P1,可补原生 API/入口：账号用途隔离、视频举报、折叠评论/翻译、消息/动态/订阅/专栏与收藏搜索；按正文拆分实现，写请求绑定账号且失败不盲目重试。,bili/Sources/Services; bili/Sources/Features/Mine; bili/Sources/Features/Dynamic
3001,[Bug] win版本gpu持续占用,https://github.com/bggRGjQaUbCoE/PiliPlus/issues/3001,open,2026-10-03T21:10:59Z,平台或后端不直接适用,不直接移植,报告针对 Android/Windows/Linux/macOS 或 mpv/Flutter/桌面集成；当前产品为 SwiftUI + AVPlayer 的 iOS 应用。可提取通用验收场景，但未证明存在同一缺陷。,bili.xcodeproj/project.pbxproj; bili/Sources/Features/Player
2999,[FR] 希望可以将空降弹幕的功能单独拆分出来,https://github.com/bggRGjQaUbCoE/PiliPlus/issues/2999,open,2026-10-04T03:52:37Z,较大功能或外部依赖,P2/专项,需要独立设计或协议/设备验证：高级弹幕/互动、人像蒙版、富文本笔记、一起看、小窗、预览、第三方数据源、离线格式或投屏/直播鉴权。不能只加按钮或复制 Flutter 代码即视为完成。,
2998,[Bug] 画中画在特定尺寸下ui错位,https://github.com/bggRGjQaUbCoE/PiliPlus/issues/2998,open,2026-09-16T10:55:54Z,平台或后端不直接适用,不直接移植,报告针对 Android/Windows/Linux/macOS 或 mpv/Flutter/桌面集成；当前产品为 SwiftUI + AVPlayer 的 iOS 应用。可提取通用验收场景，但未证明存在同一缺陷。,bili.xcodeproj/project.pbxproj; bili/Sources/Features/Player
2993,[FR] 希望放大横屏模式下右边的评论区比例,https://github.com/bggRGjQaUbCoE/PiliPlus/issues/2993,open,2026-09-16T05:45:35Z,可实现的界面与交互增强,P1/P2,可按 SwiftUI/UIKit 的现有导航与设置逐项补齐，统一液态玻璃组件；优先快捷入口、搜索、精确进度、触控和无障碍，复杂手势/自定义布局后置。部分已有基础需先核对。,
2992,[Bug] 多数高级弹幕无法显示,https://github.com/bggRGjQaUbCoE/PiliPlus/issues/2992,open,2026-09-16T05:15:50Z,较大功能或外部依赖,P2/专项,需要独立设计或协议/设备验证：高级弹幕/互动、人像蒙版、富文本笔记、一起看、小窗、预览、第三方数据源、离线格式或投屏/直播鉴权。不能只加按钮或复制 Flutter 代码即视为完成。,
2991,[FR] 一些问题,https://github.com/bggRGjQaUbCoE/PiliPlus/issues/2991,open,2026-09-16T04:51:46Z,复合需求需拆分,P1/P2,同一 issue 包含多个独立需求；部分已有、部分尚缺。拆成最小可验收项，不能以单一已解决状态覆盖全部。,
2990,[Bug] IOS端看视频时离开过app再重新进入或者锁屏都会出现画面卡住的情况,https://github.com/bggRGjQaUbCoE/PiliPlus/issues/2990,open,2026-09-22T02:13:57Z,原生复现与回归候选,P0/P1,将现象转为 AVPlayer/AVAudioSession、网络、队列或布局测试；先在本仓库复现再修复。上游 bug 不等于原生仓库已确认 bug，模拟器不能代替音频路由和真机能耗验收。,
2989,[FR] 希望增强对同时播放的支持,https://github.com/bggRGjQaUbCoE/PiliPlus/issues/2989,open,2026-09-16T02:37:23Z,可实现的原生增强,P1,统一音频中断/路由切换/拔出耳机策略，分别配置直播与视频后台行为；混音为可选设置。使用 AVAudioSession，不能承诺蓝牙或 AirPlay 零延迟。,bili/Sources/Features/Player; bili/Sources/Features/Live
2985,[Bug] 画中画无法保证显示在最前端,https://github.com/bggRGjQaUbCoE/PiliPlus/issues/2985,open,2026-09-17T02:37:39Z,平台或后端不直接适用,不直接移植,报告针对 Android/Windows/Linux/macOS 或 mpv/Flutter/桌面集成；当前产品为 SwiftUI + AVPlayer 的 iOS 应用。可提取通用验收场景，但未证明存在同一缺陷。,bili.xcodeproj/project.pbxproj; bili/Sources/Features/Player
2981,[Bug] 直播间表情包弹幕无法正常显示，只以文字形式展示，不知道是不是bug,https://github.com/bggRGjQaUbCoE/PiliPlus/issues/2981,open,2026-09-15T05:18:58Z,可实现的原生增强,P1,核验直播表情元数据从解析到渲染的全链路，支持表情尺寸、图片缓存和失败时文字兜底，不能把只显示表情名称算作完成。,bili/Sources/Services/LiveDanmakuService.swift; bili/Sources/Features/Live/LiveDanmakuRenderStore.swift
2980,[Bug] 我是白苹果使用oclp升级15.7.2，遇到了卡死情况。用ai帮我修好了，ai建议我把这个文件提issue给你。,https://github.com/bggRGjQaUbCoE/PiliPlus/issues/2980,open,2026-09-15T02:56:08Z,平台或后端不直接适用,不直接移植,报告针对 Android/Windows/Linux/macOS 或 mpv/Flutter/桌面集成；当前产品为 SwiftUI + AVPlayer 的 iOS 应用。可提取通用验收场景，但未证明存在同一缺陷。,bili.xcodeproj/project.pbxproj; bili/Sources/Features/Player
2973,[Bug],https://github.com/bggRGjQaUbCoE/PiliPlus/issues/2973,open,2026-09-14T11:15:05Z,平台或后端不直接适用,不直接移植,报告针对 Android/Windows/Linux/macOS 或 mpv/Flutter/桌面集成；当前产品为 SwiftUI + AVPlayer 的 iOS 应用。可提取通用验收场景，但未证明存在同一缺陷。,bili.xcodeproj/project.pbxproj; bili/Sources/Features/Player
2970,[FR] 应用内小窗播放功能,https://github.com/bggRGjQaUbCoE/PiliPlus/issues/2970,open,2026-09-15T12:20:38Z,较大功能或外部依赖,P2/专项,需要独立设计或协议/设备验证：高级弹幕/互动、人像蒙版、富文本笔记、一起看、小窗、预览、第三方数据源、离线格式或投屏/直播鉴权。不能只加按钮或复制 Flutter 代码即视为完成。,
2969,[FR] 新增错误日志提交功能,https://github.com/bggRGjQaUbCoE/PiliPlus/issues/2969,open,2026-09-14T04:58:28Z,可实现的原生增强,P1/P2,扩充现有网络/播放诊断与设置：用户主动导出脱敏日志、CDN 禁用/排序/测速、可选最佳音质、SponsorBlock 镜像；多 CDN 并发不能直接当作稳定性修复。,
2968,[Bug] 使用一段时间后应用彻底卡死,https://github.com/bggRGjQaUbCoE/PiliPlus/issues/2968,open,2026-09-14T04:55:57Z,平台或后端不直接适用,不直接移植,报告针对 Android/Windows/Linux/macOS 或 mpv/Flutter/桌面集成；当前产品为 SwiftUI + AVPlayer 的 iOS 应用。可提取通用验收场景，但未证明存在同一缺陷。,bili.xcodeproj/project.pbxproj; bili/Sources/Features/Player
2959,[FR] 手机系统设置的显示缩放和app内某些页面的适配,https://github.com/bggRGjQaUbCoE/PiliPlus/issues/2959,open,2026-09-13T04:51:12Z,可实现的原生增强,P1,优先做锁屏与方向协调、刘海安全区、VoiceOver/大字体、键盘布局、弹幕帧率能耗，以及空降片段预览期间禁止自动连播。需针对原生布局/播放器验证。,
2958,希望进度条和高能进度条能设置异色,https://github.com/bggRGjQaUbCoE/PiliPlus/issues/2958,open,2026-10-01T07:19:23Z,可实现的界面与交互增强,P1/P2,可按 SwiftUI/UIKit 的现有导航与设置逐项补齐，统一液态玻璃组件；优先快捷入口、搜索、精确进度、触控和无障碍，复杂手势/自定义布局后置。部分已有基础需先核对。,
2955,[Bug],https://github.com/bggRGjQaUbCoE/PiliPlus/issues/2955,open,2026-09-13T04:13:02Z,原生复现与回归候选,P0/P1,将现象转为 AVPlayer/AVAudioSession、网络、队列或布局测试；先在本仓库复现再修复。上游 bug 不等于原生仓库已确认 bug，模拟器不能代替音频路由和真机能耗验收。,
2953,[Bug] 60帧视频播放快进会造成音画不同步,https://github.com/bggRGjQaUbCoE/PiliPlus/issues/2953,open,2026-09-29T12:08:32Z,原生复现与回归候选,P0/P1,将现象转为 AVPlayer/AVAudioSession、网络、队列或布局测试；先在本仓库复现再修复。上游 bug 不等于原生仓库已确认 bug，模拟器不能代替音频路由和真机能耗验收。,
2945,[FR] 请求将搜索的账户记录的控制从推荐中分离,https://github.com/bggRGjQaUbCoE/PiliPlus/issues/2945,open,2026-09-12T07:16:49Z,可实现的原生增强,P1,可补原生 API/入口：账号用途隔离、视频举报、折叠评论/翻译、消息/动态/订阅/专栏与收藏搜索；按正文拆分实现，写请求绑定账号且失败不盲目重试。,bili/Sources/Services; bili/Sources/Features/Mine; bili/Sources/Features/Dynamic
2944,[FR] 后台播放功能,https://github.com/bggRGjQaUbCoE/PiliPlus/issues/2944,open,2026-09-12T07:04:47Z,可实现的原生增强,P1,统一音频中断/路由切换/拔出耳机策略，分别配置直播与视频后台行为；混音为可选设置。使用 AVAudioSession，不能承诺蓝牙或 AirPlay 零延迟。,bili/Sources/Features/Player; bili/Sources/Features/Live
2942,[FR]希望增加自定义离线缓存路径功能,https://github.com/bggRGjQaUbCoE/PiliPlus/issues/2942,open,2026-09-13T03:55:33Z,较大功能或外部依赖,P2/专项,iOS 可做 Files 导出或安全范围书签，外置目录长期后台写入受系统约束；不能照搬 Android 任意下载路径。,
2941,[FR]增加扫码功能,https://github.com/bggRGjQaUbCoE/PiliPlus/issues/2941,open,2026-09-12T05:02:34Z,可实现的原生增强,P1,分享海报/二维码可用系统图形 API；扫描授权 Web/TV 登录要校验域名、展示待授权设备并由用户确认，不能把已有的二维码自登录当作完成。,
2938,[Bug] 戴上蓝牙耳机音画不同步,https://github.com/bggRGjQaUbCoE/PiliPlus/issues/2938,open,2026-09-11T15:39:22Z,原生复现与回归候选,P0/P1,将现象转为 AVPlayer/AVAudioSession、网络、队列或布局测试；先在本仓库复现再修复。上游 bug 不等于原生仓库已确认 bug，模拟器不能代替音频路由和真机能耗验收。,
2935,安卓版的piliplus，希望播放器能隐去空降助手的提交片段按钮,https://github.com/bggRGjQaUbCoE/PiliPlus/issues/2935,open,2026-09-14T02:21:07Z,可实现的界面与交互增强,P1/P2,可按 SwiftUI/UIKit 的现有导航与设置逐项补齐，统一液态玻璃组件；优先快捷入口、搜索、精确进度、触控和无障碍，复杂手势/自定义布局后置。部分已有基础需先核对。,
2925,[FR] 希望增加对plasma媒体播放器弹窗的支持,https://github.com/bggRGjQaUbCoE/PiliPlus/issues/2925,open,2026-09-11T07:13:27Z,平台或后端不直接适用,不直接移植,报告针对 Android/Windows/Linux/macOS 或 mpv/Flutter/桌面集成；当前产品为 SwiftUI + AVPlayer 的 iOS 应用。可提取通用验收场景，但未证明存在同一缺陷。,bili.xcodeproj/project.pbxproj; bili/Sources/Features/Player
2924,[FR] 请求加入biliplus搜索源,https://github.com/bggRGjQaUbCoE/PiliPlus/issues/2924,open,2026-09-10T16:21:55Z,较大功能或外部依赖,P2/专项,需要独立设计或协议/设备验证：高级弹幕/互动、人像蒙版、富文本笔记、一起看、小窗、预览、第三方数据源、离线格式或投屏/直播鉴权。不能只加按钮或复制 Flutter 代码即视为完成。,
2921,[FR] 希望电脑端加入能右键处理弹幕的功能,https://github.com/bggRGjQaUbCoE/PiliPlus/issues/2921,open,2026-09-10T10:58:56Z,平台或后端不直接适用,不直接移植,报告针对 Android/Windows/Linux/macOS 或 mpv/Flutter/桌面集成；当前产品为 SwiftUI + AVPlayer 的 iOS 应用。可提取通用验收场景，但未证明存在同一缺陷。,bili.xcodeproj/project.pbxproj; bili/Sources/Features/Player
2919,[Bug] 电脑端，保存图片有概率性闪退,https://github.com/bggRGjQaUbCoE/PiliPlus/issues/2919,open,2026-09-10T10:52:12Z,平台或后端不直接适用,不直接移植,报告针对 Android/Windows/Linux/macOS 或 mpv/Flutter/桌面集成；当前产品为 SwiftUI + AVPlayer 的 iOS 应用。可提取通用验收场景，但未证明存在同一缺陷。,bili.xcodeproj/project.pbxproj; bili/Sources/Features/Player
2916,切分p再切回，分p重新播放,https://github.com/bggRGjQaUbCoE/PiliPlus/issues/2916,open,2026-09-14T08:14:07Z,原生复现与回归候选,P0/P1,将现象转为 AVPlayer/AVAudioSession、网络、队列或布局测试；先在本仓库复现再修复。上游 bug 不等于原生仓库已确认 bug，模拟器不能代替音频路由和真机能耗验收。,
2914,收藏夹的搜索历史功能,https://github.com/bggRGjQaUbCoE/PiliPlus/issues/2914,open,2026-09-10T05:20:03Z,可实现的原生增强,P1,可补原生 API/入口：账号用途隔离、视频举报、折叠评论/翻译、消息/动态/订阅/专栏与收藏搜索；按正文拆分实现，写请求绑定账号且失败不盲目重试。,bili/Sources/Services; bili/Sources/Features/Mine; bili/Sources/Features/Dynamic
2902,[Bug] 将V71版本安装在小米电视上后播放卡顿,https://github.com/bggRGjQaUbCoE/PiliPlus/issues/2902,open,2026-09-09T08:54:34Z,平台或后端不直接适用,不直接移植,报告针对 Android/Windows/Linux/macOS 或 mpv/Flutter/桌面集成；当前产品为 SwiftUI + AVPlayer 的 iOS 应用。可提取通用验收场景，但未证明存在同一缺陷。,bili.xcodeproj/project.pbxproj; bili/Sources/Features/Player
2900,[FR] 图片方式分享视频,https://github.com/bggRGjQaUbCoE/PiliPlus/issues/2900,open,2026-09-09T01:58:43Z,可实现的原生增强,P1,分享海报/二维码可用系统图形 API；扫描授权 Web/TV 登录要校验域名、展示待授权设备并由用户确认，不能把已有的二维码自登录当作完成。,
2898,[Bug] intel mac会强制使用核心显卡，无法使用独立显卡,https://github.com/bggRGjQaUbCoE/PiliPlus/issues/2898,open,2026-09-08T13:19:26Z,平台或后端不直接适用,不直接移植,报告针对 Android/Windows/Linux/macOS 或 mpv/Flutter/桌面集成；当前产品为 SwiftUI + AVPlayer 的 iOS 应用。可提取通用验收场景，但未证明存在同一缺陷。,bili.xcodeproj/project.pbxproj; bili/Sources/Features/Player
2897,[Bug] DLNA 失败，是否需要配置 ACCESS_LOCAL_NETWORK权限？,https://github.com/bggRGjQaUbCoE/PiliPlus/issues/2897,open,2026-09-15T08:21:19Z,平台或后端不直接适用,不直接移植,报告针对 Android/Windows/Linux/macOS 或 mpv/Flutter/桌面集成；当前产品为 SwiftUI + AVPlayer 的 iOS 应用。可提取通用验收场景，但未证明存在同一缺陷。,bili.xcodeproj/project.pbxproj; bili/Sources/Features/Player
2891,[Bug],https://github.com/bggRGjQaUbCoE/PiliPlus/issues/2891,open,2026-09-08T09:39:56Z,平台或后端不直接适用,不直接移植,报告针对 Android/Windows/Linux/macOS 或 mpv/Flutter/桌面集成；当前产品为 SwiftUI + AVPlayer 的 iOS 应用。可提取通用验收场景，但未证明存在同一缺陷。,bili.xcodeproj/project.pbxproj; bili/Sources/Features/Player
2887,[FR] 增加功能,https://github.com/bggRGjQaUbCoE/PiliPlus/issues/2887,open,2026-09-07T16:10:55Z,信息不足,需补信息,正文缺少可执行需求或复现步骤；不据此承诺修复。二维码自登录已有，扫码授权其他设备需另行区分。,
2886,[Bug] Plasma下窗口标题栏UI有问题,https://github.com/bggRGjQaUbCoE/PiliPlus/issues/2886,open,2026-09-10T13:50:17Z,平台或后端不直接适用,不直接移植,报告针对 Android/Windows/Linux/macOS 或 mpv/Flutter/桌面集成；当前产品为 SwiftUI + AVPlayer 的 iOS 应用。可提取通用验收场景，但未证明存在同一缺陷。,bili.xcodeproj/project.pbxproj; bili/Sources/Features/Player
2883,[Bug],https://github.com/bggRGjQaUbCoE/PiliPlus/issues/2883,open,2026-09-07T13:42:28Z,原生复现与回归候选,P0/P1,将现象转为 AVPlayer/AVAudioSession、网络、队列或布局测试；先在本仓库复现再修复。上游 bug 不等于原生仓库已确认 bug，模拟器不能代替音频路由和真机能耗验收。,
2880,[Bug]iPad 播放列表存在后续视频时，“下一集”仍错误提示“已经是最后一集”,https://github.com/bggRGjQaUbCoE/PiliPlus/issues/2880,open,2026-09-07T03:42:49Z,已有基础，核对剩余差异,核验/增量,已有原生分页队列、下一条和末 P 处理；应复现 iPad 长列表边界，检查 hasMore 与账号切换，不直接移植上游条件判断。,
2879,[FR] 音频焦点,https://github.com/bggRGjQaUbCoE/PiliPlus/issues/2879,open,2026-09-07T01:32:56Z,可实现的原生增强,P1,统一音频中断/路由切换/拔出耳机策略，分别配置直播与视频后台行为；混音为可选设置。使用 AVAudioSession，不能承诺蓝牙或 AirPlay 零延迟。,bili/Sources/Features/Player; bili/Sources/Features/Live
2876,[FR] 无痕模式扩展(快捷启用+设置选项),https://github.com/bggRGjQaUbCoE/PiliPlus/issues/2876,open,2026-09-06T15:12:40Z,可实现的界面与交互增强,P1/P2,可按 SwiftUI/UIKit 的现有导航与设置逐项补齐，统一液态玻璃组件；优先快捷入口、搜索、精确进度、触控和无障碍，复杂手势/自定义布局后置。部分已有基础需先核对。,
2875,[FR] 请增加 隐藏挖孔/刘海 功能,https://github.com/bggRGjQaUbCoE/PiliPlus/issues/2875,open,2026-09-09T09:54:50Z,可实现的原生增强,P1,优先做锁屏与方向协调、刘海安全区、VoiceOver/大字体、键盘布局、弹幕帧率能耗，以及空降片段预览期间禁止自动连播。需针对原生布局/播放器验证。,
2872,[Bug] 小新平板12.1 2025 一点播放就闪退,https://github.com/bggRGjQaUbCoE/PiliPlus/issues/2872,open,2026-09-06T08:13:36Z,平台或后端不直接适用,不直接移植,报告针对 Android/Windows/Linux/macOS 或 mpv/Flutter/桌面集成；当前产品为 SwiftUI + AVPlayer 的 iOS 应用。可提取通用验收场景，但未证明存在同一缺陷。,bili.xcodeproj/project.pbxproj; bili/Sources/Features/Player
2871,[FR] 平板布局建议,https://github.com/bggRGjQaUbCoE/PiliPlus/issues/2871,open,2026-09-15T11:17:06Z,可实现的界面与交互增强,P1/P2,可按 SwiftUI/UIKit 的现有导航与设置逐项补齐，统一液态玻璃组件；优先快捷入口、搜索、精确进度、触控和无障碍，复杂手势/自定义布局后置。部分已有基础需先核对。,
2870,[FR] 支持原版B站离线视频导出至piliplus,https://github.com/bggRGjQaUbCoE/PiliPlus/issues/2870,open,2026-09-07T05:28:45Z,较大功能或外部依赖,P2/专项,需要独立设计或协议/设备验证：高级弹幕/互动、人像蒙版、富文本笔记、一起看、小窗、预览、第三方数据源、离线格式或投屏/直播鉴权。不能只加按钮或复制 Flutter 代码即视为完成。,
2869,[Bug] 安卓/视频画面卡住，音频仍正常播放,https://github.com/bggRGjQaUbCoE/PiliPlus/issues/2869,open,2026-09-20T15:46:43Z,平台或后端不直接适用,不直接移植,报告针对 Android/Windows/Linux/macOS 或 mpv/Flutter/桌面集成；当前产品为 SwiftUI + AVPlayer 的 iOS 应用。可提取通用验收场景，但未证明存在同一缺陷。,bili.xcodeproj/project.pbxproj; bili/Sources/Features/Player
2867,[FR] 建议安卓端搜索页面改为推荐页面的样式 安卓主力是手机端,https://github.com/bggRGjQaUbCoE/PiliPlus/issues/2867,open,2026-09-06T02:51:45Z,可实现的界面与交互增强,P1/P2,可按 SwiftUI/UIKit 的现有导航与设置逐项补齐，统一液态玻璃组件；优先快捷入口、搜索、精确进度、触控和无障碍，复杂手势/自定义布局后置。部分已有基础需先核对。,
2863,[FR] 请求收藏夹加入右侧拖曳边条,https://github.com/bggRGjQaUbCoE/PiliPlus/issues/2863,open,2026-09-06T00:43:24Z,可实现的界面与交互增强,P1/P2,可按 SwiftUI/UIKit 的现有导航与设置逐项补齐，统一液态玻璃组件；优先快捷入口、搜索、精确进度、触控和无障碍，复杂手势/自定义布局后置。部分已有基础需先核对。,
2861,优化定时关闭,https://github.com/bggRGjQaUbCoE/PiliPlus/issues/2861,open,2026-09-05T21:24:11Z,可实现的界面与交互增强,P1/P2,可按 SwiftUI/UIKit 的现有导航与设置逐项补齐，统一液态玻璃组件；优先快捷入口、搜索、精确进度、触控和无障碍，复杂手势/自定义布局后置。部分已有基础需先核对。,
2858,[FR] 在视频播放结束以后 可以像原版那样进行视频推荐或点击选择重播,https://github.com/bggRGjQaUbCoE/PiliPlus/issues/2858,open,2026-09-05T14:32:27Z,可实现的界面与交互增强,P1/P2,可按 SwiftUI/UIKit 的现有导航与设置逐项补齐，统一液态玻璃组件；优先快捷入口、搜索、精确进度、触控和无障碍，复杂手势/自定义布局后置。部分已有基础需先核对。,
2857,[Bug] 后台播放视频有概率卡住，视频之后的播放不会再有声音,https://github.com/bggRGjQaUbCoE/PiliPlus/issues/2857,open,2026-09-05T14:10:17Z,平台或后端不直接适用,不直接移植,报告针对 Android/Windows/Linux/macOS 或 mpv/Flutter/桌面集成；当前产品为 SwiftUI + AVPlayer 的 iOS 应用。可提取通用验收场景，但未证明存在同一缺陷。,bili.xcodeproj/project.pbxproj; bili/Sources/Features/Player
2856,[Bug] 切换音频设备后，音量仍保持不变,https://github.com/bggRGjQaUbCoE/PiliPlus/issues/2856,open,2026-09-05T14:02:11Z,可实现的原生增强,P1,统一音频中断/路由切换/拔出耳机策略，分别配置直播与视频后台行为；混音为可选设置。使用 AVAudioSession，不能承诺蓝牙或 AirPlay 零延迟。,bili/Sources/Features/Player; bili/Sources/Features/Live
2855,[FR]1.自定义动态界面细分类展示与否/顺序 2.动态界面细分类加入关注up主分类专项视频,https://github.com/bggRGjQaUbCoE/PiliPlus/issues/2855,open,2026-09-06T10:32:39Z,可实现的原生增强,P1/P2,全关注动态未读标记、分组筛选和已读水位；按账号存储，分页合并不能使旧动态恢复未读。,bili/Sources/Features/Dynamic
2852,[FR] 复制/精准调节视频播放时间,https://github.com/bggRGjQaUbCoE/PiliPlus/issues/2852,open,2026-09-05T11:23:18Z,可实现的界面与交互增强,P1/P2,可按 SwiftUI/UIKit 的现有导航与设置逐项补齐，统一液态玻璃组件；优先快捷入口、搜索、精确进度、触控和无障碍，复杂手势/自定义布局后置。部分已有基础需先核对。,
2850,[FR] [BUG]一些建议和bug反馈（数量较多请见谅）,https://github.com/bggRGjQaUbCoE/PiliPlus/issues/2850,open,2026-09-05T11:16:38Z,复合需求需拆分,P1/P2,34 个子项必须拆分。主题色、横屏工具布局、视频导出、收藏排序/批量操作已有基础；动态/字幕/弹幕交互、海报、音频导出等另列增强；区域服务端方案需另评估。,
2849,[FR] 希望空降助手的那个提示按钮能够再大一点 或者给用户一个自定义大小的功能,https://github.com/bggRGjQaUbCoE/PiliPlus/issues/2849,open,2026-09-05T09:48:39Z,可实现的界面与交互增强,P1/P2,可按 SwiftUI/UIKit 的现有导航与设置逐项补齐，统一液态玻璃组件；优先快捷入口、搜索、精确进度、触控和无障碍，复杂手势/自定义布局后置。部分已有基础需先核对。,
2842,[FR] 提交片段优化,https://github.com/bggRGjQaUbCoE/PiliPlus/issues/2842,open,2026-09-04T12:40:25Z,可实现的原生增强,P1,优先做锁屏与方向协调、刘海安全区、VoiceOver/大字体、键盘布局、弹幕帧率能耗，以及空降片段预览期间禁止自动连播。需针对原生布局/播放器验证。,
2841,[FR] 希望添加直播间抽奖功能,https://github.com/bggRGjQaUbCoE/PiliPlus/issues/2841,open,2026-09-04T04:02:47Z,较大功能或外部依赖,P2/专项,需要独立设计或协议/设备验证：高级弹幕/互动、人像蒙版、富文本笔记、一起看、小窗、预览、第三方数据源、离线格式或投屏/直播鉴权。不能只加按钮或复制 Flutter 代码即视为完成。,
2835,[FR] 增加 字幕列表 功能,https://github.com/bggRGjQaUbCoE/PiliPlus/issues/2835,open,2026-09-16T13:24:57Z,已有基础，核对剩余差异,核验/增量,已有可滚动字幕列表、点击按秒跳转；上一轮已修正误把秒数作为播放比例的问题。,
2833,[FR] 希望增加关闭无痕模式的时候也提示临时关闭/永久关闭,https://github.com/bggRGjQaUbCoE/PiliPlus/issues/2833,open,2026-09-03T08:48:38Z,可实现的界面与交互增强,P1/P2,可按 SwiftUI/UIKit 的现有导航与设置逐项补齐，统一液态玻璃组件；优先快捷入口、搜索、精确进度、触控和无障碍，复杂手势/自定义布局后置。部分已有基础需先核对。,
2832,[FR] 弹幕一直保持120帧太过耗电,https://github.com/bggRGjQaUbCoE/PiliPlus/issues/2832,open,2026-09-21T05:11:51Z,可实现的原生增强,P1,优先做锁屏与方向协调、刘海安全区、VoiceOver/大字体、键盘布局、弹幕帧率能耗，以及空降片段预览期间禁止自动连播。需针对原生布局/播放器验证。,
2827,[Bug] plasma状态栏托盘问题,https://github.com/bggRGjQaUbCoE/PiliPlus/issues/2827,open,2026-09-02T11:53:57Z,平台或后端不直接适用,不直接移植,报告针对 Android/Windows/Linux/macOS 或 mpv/Flutter/桌面集成；当前产品为 SwiftUI + AVPlayer 的 iOS 应用。可提取通用验收场景，但未证明存在同一缺陷。,bili.xcodeproj/project.pbxproj; bili/Sources/Features/Player
2825,[FR] 希望给超分添加一个默认常开的选项,https://github.com/bggRGjQaUbCoE/PiliPlus/issues/2825,open,2026-09-02T10:00:53Z,较大功能或外部依赖,P2/专项,需要独立设计或协议/设备验证：高级弹幕/互动、人像蒙版、富文本笔记、一起看、小窗、预览、第三方数据源、离线格式或投屏/直播鉴权。不能只加按钮或复制 Flutter 代码即视为完成。,
2824,[Bug] 某些黑屏开始的视频会导致android设备ui无限重启,https://github.com/bggRGjQaUbCoE/PiliPlus/issues/2824,open,2026-09-02T05:41:07Z,平台或后端不直接适用,不直接移植,报告针对 Android/Windows/Linux/macOS 或 mpv/Flutter/桌面集成；当前产品为 SwiftUI + AVPlayer 的 iOS 应用。可提取通用验收场景，但未证明存在同一缺陷。,bili.xcodeproj/project.pbxproj; bili/Sources/Features/Player
2822,[FR] 希望（显示上次看到位置提示）可以修改样式,https://github.com/bggRGjQaUbCoE/PiliPlus/issues/2822,open,2026-09-02T14:35:31Z,可实现的界面与交互增强,P1/P2,可按 SwiftUI/UIKit 的现有导航与设置逐项补齐，统一液态玻璃组件；优先快捷入口、搜索、精确进度、触控和无障碍，复杂手势/自定义布局后置。部分已有基础需先核对。,
2819,[FR] 希望可以配置小电视空降助手镜像站,https://github.com/bggRGjQaUbCoE/PiliPlus/issues/2819,open,2026-09-01T13:41:17Z,可实现的原生增强,P1/P2,扩充现有网络/播放诊断与设置：用户主动导出脱敏日志、CDN 禁用/排序/测速、可选最佳音质、SponsorBlock 镜像；多 CDN 并发不能直接当作稳定性修复。,
2815,[FR] 希望提供更好的下载以及下载管理功能,https://github.com/bggRGjQaUbCoE/PiliPlus/issues/2815,open,2026-09-01T11:13:04Z,可实现的原生增强,P1,完善离线队列：合集归组与批量入队、章节元数据、仅音频下载/导出、并发上限与编码/音质选择。现有 URLSession 下载、视频合并导出与字幕保存可复用。,bili/Sources/Services/PiliOfflineStore.swift; bili/Sources/Services/PiliOfflineSessionDelegate.swift
2814,[Bug] 应用后台耗电异常,https://github.com/bggRGjQaUbCoE/PiliPlus/issues/2814,open,2026-09-17T00:51:00Z,平台或后端不直接适用,不直接移植,报告针对 Android/Windows/Linux/macOS 或 mpv/Flutter/桌面集成；当前产品为 SwiftUI + AVPlayer 的 iOS 应用。可提取通用验收场景，但未证明存在同一缺陷。,bili.xcodeproj/project.pbxproj; bili/Sources/Features/Player
2809,[Bug] 安卓端直播间弹幕在观看直播一段时间后会停止刷新,https://github.com/bggRGjQaUbCoE/PiliPlus/issues/2809,open,2026-09-09T13:51:34Z,原生复现与回归候选,P0/P1,将现象转为 AVPlayer/AVAudioSession、网络、队列或布局测试；先在本仓库复现再修复。上游 bug 不等于原生仓库已确认 bug，模拟器不能代替音频路由和真机能耗验收。,
2808,[FR] 屏蔽纯@评论无实际内容的，设关键词误伤回复评论,https://github.com/bggRGjQaUbCoE/PiliPlus/issues/2808,open,2026-09-05T11:43:28Z,可实现的原生增强,P1/P2,在已有本地过滤上补 MID/作者/纯 @/正则/话题规则，直播也在展示前过滤；官方云屏蔽词与本地规则不同。等级、完播率等字段需确认接口是否提供，不为每条内容额外请求。,bili/Sources/Features/Home/VideoRecommendationFilter.swift; bili/Sources/Features/Dynamic/DynamicFeedContentFilter.swift
2807,[FR] 请求添加首页视频作者名称自定义过滤,https://github.com/bggRGjQaUbCoE/PiliPlus/issues/2807,open,2026-08-31T10:37:01Z,可实现的原生增强,P1/P2,在已有本地过滤上补 MID/作者/纯 @/正则/话题规则，直播也在展示前过滤；官方云屏蔽词与本地规则不同。等级、完播率等字段需确认接口是否提供，不为每条内容额外请求。,bili/Sources/Features/Home/VideoRecommendationFilter.swift; bili/Sources/Features/Dynamic/DynamicFeedContentFilter.swift
2805,[FR] 可以把稍后再看放在navbar里面吗,https://github.com/bggRGjQaUbCoE/PiliPlus/issues/2805,open,2026-08-31T08:26:51Z,可实现的界面与交互增强,P1/P2,可按 SwiftUI/UIKit 的现有导航与设置逐项补齐，统一液态玻璃组件；优先快捷入口、搜索、精确进度、触控和无障碍，复杂手势/自定义布局后置。部分已有基础需先核对。,
2804,[FR] 安卓版怎么使用默认的绿色图标？,https://github.com/bggRGjQaUbCoE/PiliPlus/issues/2804,open,2026-09-07T08:26:46Z,平台或后端不直接适用,不直接移植,报告针对 Android/Windows/Linux/macOS 或 mpv/Flutter/桌面集成；当前产品为 SwiftUI + AVPlayer 的 iOS 应用。可提取通用验收场景，但未证明存在同一缺陷。,bili.xcodeproj/project.pbxproj; bili/Sources/Features/Player
2803,[Bug] 播放视频闪一下,https://github.com/bggRGjQaUbCoE/PiliPlus/issues/2803,open,2026-08-31T06:04:20Z,原生复现与回归候选,P0/P1,将现象转为 AVPlayer/AVAudioSession、网络、队列或布局测试；先在本仓库复现再修复。上游 bug 不等于原生仓库已确认 bug，模拟器不能代替音频路由和真机能耗验收。,
2798,[Bug],https://github.com/bggRGjQaUbCoE/PiliPlus/issues/2798,open,2026-08-31T02:44:35Z,原生复现与回归候选,P0/P1,将现象转为 AVPlayer/AVAudioSession、网络、队列或布局测试；先在本仓库复现再修复。上游 bug 不等于原生仓库已确认 bug，模拟器不能代替音频路由和真机能耗验收。,
2791,[Bug] 播放器二级菜单听视频功能异常,https://github.com/bggRGjQaUbCoE/PiliPlus/issues/2791,open,2026-09-08T23:25:14Z,原生复现与回归候选,P1,核验切换听视频时画面/弹幕/进度状态及所有恢复入口的音频会话一致性；上游 Android/MPV 调用路径不直接适用原生。,
2790,[Bug] 语言翻译按钮缺失,https://github.com/bggRGjQaUbCoE/PiliPlus/issues/2790,open,2026-09-01T08:02:22Z,可实现的原生增强,P1,可补原生 API/入口：账号用途隔离、视频举报、折叠评论/翻译、消息/动态/订阅/专栏与收藏搜索；按正文拆分实现，写请求绑定账号且失败不盲目重试。,bili/Sources/Services; bili/Sources/Features/Mine; bili/Sources/Features/Dynamic
2784,[FR] 视频弹幕添加高点赞弹幕大拇指图标,https://github.com/bggRGjQaUbCoE/PiliPlus/issues/2784,open,2026-08-30T11:00:35Z,较大功能或外部依赖,P2/专项,需要独立设计或协议/设备验证：高级弹幕/互动、人像蒙版、富文本笔记、一起看、小窗、预览、第三方数据源、离线格式或投屏/直播鉴权。不能只加按钮或复制 Flutter 代码即视为完成。,
2782,[FR] 希望能添加一个朗读模式,https://github.com/bggRGjQaUbCoE/PiliPlus/issues/2782,open,2026-09-01T13:53:51Z,较大功能或外部依赖,P2/专项,需要独立设计或协议/设备验证：高级弹幕/互动、人像蒙版、富文本笔记、一起看、小窗、预览、第三方数据源、离线格式或投屏/直播鉴权。不能只加按钮或复制 Flutter 代码即视为完成。,
2780,[Bug] ios27视频旋转时会横向拉满屏幕，再缩回正常比例,https://github.com/bggRGjQaUbCoE/PiliPlus/issues/2780,open,2026-08-30T09:33:20Z,原生复现与回归候选,P0/P1,将现象转为 AVPlayer/AVAudioSession、网络、队列或布局测试；先在本仓库复现再修复。上游 bug 不等于原生仓库已确认 bug，模拟器不能代替音频路由和真机能耗验收。,
2779,[Bug] 舰长直播无法获取正确播放地址,https://github.com/bggRGjQaUbCoE/PiliPlus/issues/2779,open,2026-08-30T08:07:31Z,较大功能或外部依赖,P2/专项,舰长限定直播依赖有效登录及服务端资格，能完善鉴权/错误提示，不能绕过观看权限。,
2778,[FR],https://github.com/bggRGjQaUbCoE/PiliPlus/issues/2778,open,2026-08-30T07:50:46Z,已有基础，核对剩余差异,核验/增量,当前首页已补 pubdate 元数据并显示作者/发布日期；不同推荐接口未返回时应保持缺省而非造日期。,
2777,[Bug],https://github.com/bggRGjQaUbCoE/PiliPlus/issues/2777,open,2026-08-30T04:47:50Z,平台或后端不直接适用,不直接移植,报告针对 Android/Windows/Linux/macOS 或 mpv/Flutter/桌面集成；当前产品为 SwiftUI + AVPlayer 的 iOS 应用。可提取通用验收场景，但未证明存在同一缺陷。,bili.xcodeproj/project.pbxproj; bili/Sources/Features/Player
2776,[Bug] 小窗应用后再放大后排班下移,https://github.com/bggRGjQaUbCoE/PiliPlus/issues/2776,open,2026-08-30T04:52:31Z,平台或后端不直接适用,不直接移植,报告针对 Android/Windows/Linux/macOS 或 mpv/Flutter/桌面集成；当前产品为 SwiftUI + AVPlayer 的 iOS 应用。可提取通用验收场景，但未证明存在同一缺陷。,bili.xcodeproj/project.pbxproj; bili/Sources/Features/Player
2775,[FR] 增加”滑动返回首页”的选项,https://github.com/bggRGjQaUbCoE/PiliPlus/issues/2775,open,2026-08-30T04:23:42Z,可实现的界面与交互增强,P1/P2,可按 SwiftUI/UIKit 的现有导航与设置逐项补齐，统一液态玻璃组件；优先快捷入口、搜索、精确进度、触控和无障碍，复杂手势/自定义布局后置。部分已有基础需先核对。,
2774,[FR] 主页,https://github.com/bggRGjQaUbCoE/PiliPlus/issues/2774,open,2026-08-30T03:34:15Z,可实现的界面与交互增强,P1/P2,可按 SwiftUI/UIKit 的现有导航与设置逐项补齐，统一液态玻璃组件；优先快捷入口、搜索、精确进度、触控和无障碍，复杂手势/自定义布局后置。部分已有基础需先核对。,
2766,[FR] 对视频编解码选择的优化,https://github.com/bggRGjQaUbCoE/PiliPlus/issues/2766,open,2026-08-30T13:06:15Z,可实现的原生增强,P1,完善离线队列：合集归组与批量入队、章节元数据、仅音频下载/导出、并发上限与编码/音质选择。现有 URLSession 下载、视频合并导出与字幕保存可复用。,bili/Sources/Services/PiliOfflineStore.swift; bili/Sources/Services/PiliOfflineSessionDelegate.swift
2764,支持媒体操控按钮,https://github.com/bggRGjQaUbCoE/PiliPlus/issues/2764,open,2026-09-13T14:31:06Z,已有基础，核对剩余差异,核验/增量,已有 MPRemoteCommandCenter 接入和听视频队列上一/下一控制；真实耳机和锁屏状态需回归。,
2757,[FR] 屏蔽搜索页中大量2级号或0级号的视频,https://github.com/bggRGjQaUbCoE/PiliPlus/issues/2757,open,2026-08-28T21:53:09Z,可实现的原生增强,P1/P2,在已有本地过滤上补 MID/作者/纯 @/正则/话题规则，直播也在展示前过滤；官方云屏蔽词与本地规则不同。等级、完播率等字段需确认接口是否提供，不为每条内容额外请求。,bili/Sources/Features/Home/VideoRecommendationFilter.swift; bili/Sources/Features/Dynamic/DynamicFeedContentFilter.swift
2755,[Bug] Linux 桌面端开启硬解（非 copy 模式）时视频截图静默失败（NVDEC/VAAPI）,https://github.com/bggRGjQaUbCoE/PiliPlus/issues/2755,open,2026-08-30T06:40:25Z,平台或后端不直接适用,不直接移植,报告针对 Android/Windows/Linux/macOS 或 mpv/Flutter/桌面集成；当前产品为 SwiftUI + AVPlayer 的 iOS 应用。可提取通用验收场景，但未证明存在同一缺陷。,bili.xcodeproj/project.pbxproj; bili/Sources/Features/Player
2753,[bug]ios看直播时发热严重,https://github.com/bggRGjQaUbCoE/PiliPlus/issues/2753,open,2026-09-01T11:08:54Z,原生复现与回归候选,P0/P1,将现象转为 AVPlayer/AVAudioSession、网络、队列或布局测试；先在本仓库复现再修复。上游 bug 不等于原生仓库已确认 bug，模拟器不能代替音频路由和真机能耗验收。,
2752,[FR] macOS 原生 AVPlayer 后端支持（AirPlay 2）,https://github.com/bggRGjQaUbCoE/PiliPlus/issues/2752,open,2026-08-28T12:19:45Z,较大功能或外部依赖,P2/专项,当前已是 AVPlayer，macOS Flutter 后端无需移植；AirPlay 路由与 HLS Bridge 的远端可达性需专项验收，原报告零延迟说法不是保证。,
2750,[FR] 增加搜索订阅的合集的功能,https://github.com/bggRGjQaUbCoE/PiliPlus/issues/2750,open,2026-08-28T11:14:55Z,可实现的原生增强,P1,可补原生 API/入口：账号用途隔离、视频举报、折叠评论/翻译、消息/动态/订阅/专栏与收藏搜索；按正文拆分实现，写请求绑定账号且失败不盲目重试。,bili/Sources/Services; bili/Sources/Features/Mine; bili/Sources/Features/Dynamic
2749,[FR] 建议出一个人像防挡的功能，人像不被弹幕遮挡,https://github.com/bggRGjQaUbCoE/PiliPlus/issues/2749,open,2026-08-31T09:03:11Z,较大功能或外部依赖,P2/专项,PR #2948 提供蒙版方案；讨论指出接口文档可能有误，需用真实蒙版样本验证解析、时间戳、坐标与性能。,
2748,[FR] 希望能查看离线缓存媒体文件保存路径，或者其他能方便用户迁移、导出离线媒体文件的方法,https://github.com/bggRGjQaUbCoE/PiliPlus/issues/2748,open,2026-08-28T08:26:03Z,已有基础，核对剩余差异,核验/增量,PiliOfflineMediaExporter 已合并视频并通过系统分享导出；仅音频与命名策略仍可补，iOS 不能照搬 Android data/SD 卡路径。,
2746,[FR] 希望增加收藏夹内搜索历史记忆功能,https://github.com/bggRGjQaUbCoE/PiliPlus/issues/2746,open,2026-08-28T06:32:37Z,可实现的原生增强,P1,可补原生 API/入口：账号用途隔离、视频举报、折叠评论/翻译、消息/动态/订阅/专栏与收藏搜索；按正文拆分实现，写请求绑定账号且失败不盲目重试。,bili/Sources/Services; bili/Sources/Features/Mine; bili/Sources/Features/Dynamic
2744,[建议],https://github.com/bggRGjQaUbCoE/PiliPlus/issues/2744,open,2026-08-28T07:52:38Z,可实现的原生增强,P1/P2,在已有本地过滤上补 MID/作者/纯 @/正则/话题规则，直播也在展示前过滤；官方云屏蔽词与本地规则不同。等级、完播率等字段需确认接口是否提供，不为每条内容额外请求。,bili/Sources/Features/Home/VideoRecommendationFilter.swift; bili/Sources/Features/Dynamic/DynamicFeedContentFilter.swift
2743,[FR] 希望Navbar(底栏)添加更多选择,https://github.com/bggRGjQaUbCoE/PiliPlus/issues/2743,open,2026-08-27T20:23:39Z,可实现的界面与交互增强,P1/P2,可按 SwiftUI/UIKit 的现有导航与设置逐项补齐，统一液态玻璃组件；优先快捷入口、搜索、精确进度、触控和无障碍，复杂手势/自定义布局后置。部分已有基础需先核对。,
2741,[FR] 横屏下输入框遮挡问题,https://github.com/bggRGjQaUbCoE/PiliPlus/issues/2741,open,2026-08-27T17:05:59Z,可实现的原生增强,P1,优先做锁屏与方向协调、刘海安全区、VoiceOver/大字体、键盘布局、弹幕帧率能耗，以及空降片段预览期间禁止自动连播。需针对原生布局/播放器验证。,
2739,希望能在收藏显示追更,https://github.com/bggRGjQaUbCoE/PiliPlus/issues/2739,open,2026-09-07T13:08:17Z,可实现的原生增强,P1,可补原生 API/入口：账号用途隔离、视频举报、折叠评论/翻译、消息/动态/订阅/专栏与收藏搜索；按正文拆分实现，写请求绑定账号且失败不盲目重试。,bili/Sources/Services; bili/Sources/Features/Mine; bili/Sources/Features/Dynamic
2738,在竖屏播放时加入下滑手势进入纵向全屏,https://github.com/bggRGjQaUbCoE/PiliPlus/issues/2738,open,2026-08-27T16:40:18Z,可实现的界面与交互增强,P1/P2,可按 SwiftUI/UIKit 的现有导航与设置逐项补齐，统一液态玻璃组件；优先快捷入口、搜索、精确进度、触控和无障碍，复杂手势/自定义布局后置。部分已有基础需先核对。,
2733,[FR] 添加视频强制从头开始播放开关,https://github.com/bggRGjQaUbCoE/PiliPlus/issues/2733,open,2026-08-27T10:19:26Z,可实现的界面与交互增强,P1/P2,可按 SwiftUI/UIKit 的现有导航与设置逐项补齐，统一液态玻璃组件；优先快捷入口、搜索、精确进度、触控和无障碍，复杂手势/自定义布局后置。部分已有基础需先核对。,
2732,[FR] 希望添加自定义hwdec参数,https://github.com/bggRGjQaUbCoE/PiliPlus/issues/2732,open,2026-08-30T08:00:25Z,平台或后端不直接适用,不直接移植,报告针对 Android/Windows/Linux/macOS 或 mpv/Flutter/桌面集成；当前产品为 SwiftUI + AVPlayer 的 iOS 应用。可提取通用验收场景，但未证明存在同一缺陷。,bili.xcodeproj/project.pbxproj; bili/Sources/Features/Player
2730,"[Bug] 电脑端播放部分视频时无画面,需手动调整分辨率以加载",https://github.com/bggRGjQaUbCoE/PiliPlus/issues/2730,open,2026-08-27T07:07:57Z,平台或后端不直接适用,不直接移植,报告针对 Android/Windows/Linux/macOS 或 mpv/Flutter/桌面集成；当前产品为 SwiftUI + AVPlayer 的 iOS 应用。可提取通用验收场景，但未证明存在同一缺陷。,bili.xcodeproj/project.pbxproj; bili/Sources/Features/Player
2729,[FR] 希望听视频的进度可以和看视频同步,https://github.com/bggRGjQaUbCoE/PiliPlus/issues/2729,open,2026-08-27T03:46:27Z,已有基础，核对剩余差异,核验/增量,已有共享播放模式和续播路径；仍需核验跨退出重启与多分 P 恢复，不能只验证单次模式切换。,
2726,[FR] 希望添加一个单独下载视频的音频流的功能,https://github.com/bggRGjQaUbCoE/PiliPlus/issues/2726,open,2026-08-26T23:50:41Z,可实现的原生增强,P1,当前入队要求 variant.videoURL，视频轨必下载；PR #2960 可借鉴为音频可独立完成的任务模型。,bili/Sources/Services/PiliOfflineStore.swift; bili/Sources/Services/PiliOfflineSessionDelegate.swift
2721,[FR] 蓝牙音频延迟,https://github.com/bggRGjQaUbCoE/PiliPlus/issues/2721,open,2026-08-31T08:58:11Z,可实现的原生增强,P1,统一音频中断/路由切换/拔出耳机策略，分别配置直播与视频后台行为；混音为可选设置。使用 AVAudioSession，不能承诺蓝牙或 AirPlay 零延迟。,bili/Sources/Features/Player; bili/Sources/Features/Live
2719,[FR] 老板键,https://github.com/bggRGjQaUbCoE/PiliPlus/issues/2719,open,2026-08-26T14:47:12Z,平台或后端不直接适用,不直接移植,报告针对 Android/Windows/Linux/macOS 或 mpv/Flutter/桌面集成；当前产品为 SwiftUI + AVPlayer 的 iOS 应用。可提取通用验收场景，但未证明存在同一缺陷。,bili.xcodeproj/project.pbxproj; bili/Sources/Features/Player
2715,[Bug] 个别视频比例异常，画面被绿幕挤入,https://github.com/bggRGjQaUbCoE/PiliPlus/issues/2715,open,2026-08-27T02:20:08Z,平台或后端不直接适用,不直接移植,报告针对 Android/Windows/Linux/macOS 或 mpv/Flutter/桌面集成；当前产品为 SwiftUI + AVPlayer 的 iOS 应用。可提取通用验收场景，但未证明存在同一缺陷。,bili.xcodeproj/project.pbxproj; bili/Sources/Features/Player
2711,[Bug] 安卓 視頻卡住，音頻正常播放,https://github.com/bggRGjQaUbCoE/PiliPlus/issues/2711,open,2026-09-03T11:53:35Z,平台或后端不直接适用,不直接移植,报告针对 Android/Windows/Linux/macOS 或 mpv/Flutter/桌面集成；当前产品为 SwiftUI + AVPlayer 的 iOS 应用。可提取通用验收场景，但未证明存在同一缺陷。,bili.xcodeproj/project.pbxproj; bili/Sources/Features/Player
2710,[FR] Homebrew Cask Tap和AltStore源,https://github.com/bggRGjQaUbCoE/PiliPlus/issues/2710,open,2026-08-26T05:03:32Z,发布与分发增强,P2,可改善英文说明、IPA 命名/版本识别、忽略版本及 AltStore 源；Homebrew 不属于当前 iOS 工程，安装仍需用户自己的签名方式。,
2708,[FR] 希望添加自动点赞功能,https://github.com/bggRGjQaUbCoE/PiliPlus/issues/2708,open,2026-08-26T15:14:51Z,可实现的界面与交互增强,P1/P2,技术上可做显式开关和可调阈值，涉及账号自动写操作应默认关闭并让用户自行启用；优先级低于播放可靠性。,
2707,[FR] CC Preferences Raise the Threshold for Content Creators to Gain Followers 字幕偏好增加UP主粉丝阈值,https://github.com/bggRGjQaUbCoE/PiliPlus/issues/2707,open,2026-08-25T15:13:29Z,可实现的原生增强,P1/P2,字幕增加前景色和双轨时间轴对齐；区分服务端现成双语与两条字幕合成。按静音/人工字幕优先策略选轨，粉丝阈值另评估必要性，避免额外逐 UP 请求。,bili/Sources/Features/Player/PiliSubtitleViews.swift; bili/Sources/Features/Player/PiliSubtitleController.swift
2703,[FR] 关于设置的问题,https://github.com/bggRGjQaUbCoE/PiliPlus/issues/2703,open,2026-08-25T12:31:00Z,可实现的界面与交互增强,P1/P2,可按 SwiftUI/UIKit 的现有导航与设置逐项补齐，统一液态玻璃组件；优先快捷入口、搜索、精确进度、触控和无障碍，复杂手势/自定义布局后置。部分已有基础需先核对。,
2702,[Bug] 双击中间切换播放与双击快进/快退自动恢复的音频焦点处理不一致,https://github.com/bggRGjQaUbCoE/PiliPlus/issues/2702,open,2026-08-25T12:27:21Z,原生复现与回归候选,P1,核验切换听视频时画面/弹幕/进度状态及所有恢复入口的音频会话一致性；上游 Android/MPV 调用路径不直接适用原生。,
2701,[FR] 希望添加动态-投稿中，看过标记,https://github.com/bggRGjQaUbCoE/PiliPlus/issues/2701,open,2026-08-25T11:26:41Z,可实现的原生增强,P1/P2,全关注动态未读标记、分组筛选和已读水位；按账号存储，分页合并不能使旧动态恢复未读。,bili/Sources/Features/Dynamic
2700,[Bug] 新版本Windows端播放时每隔一段时间画面会停滞,https://github.com/bggRGjQaUbCoE/PiliPlus/issues/2700,open,2026-08-27T15:53:02Z,平台或后端不直接适用,不直接移植,报告针对 Android/Windows/Linux/macOS 或 mpv/Flutter/桌面集成；当前产品为 SwiftUI + AVPlayer 的 iOS 应用。可提取通用验收场景，但未证明存在同一缺陷。,bili.xcodeproj/project.pbxproj; bili/Sources/Features/Player
2696,[Bug] 后台播放被第三方应用的音视频打断后不会自动恢复,https://github.com/bggRGjQaUbCoE/PiliPlus/issues/2696,open,2026-08-25T07:36:59Z,原生复现与回归候选,P0/P1,将现象转为 AVPlayer/AVAudioSession、网络、队列或布局测试；先在本仓库复现再修复。上游 bug 不等于原生仓库已确认 bug，模拟器不能代替音频路由和真机能耗验收。,
2695,[Bug] 使用vivo办公套件投屏后鼠标滚轮调节音量不生效,https://github.com/bggRGjQaUbCoE/PiliPlus/issues/2695,open,2026-08-25T04:45:13Z,平台或后端不直接适用,不直接移植,报告针对 Android/Windows/Linux/macOS 或 mpv/Flutter/桌面集成；当前产品为 SwiftUI + AVPlayer 的 iOS 应用。可提取通用验收场景，但未证明存在同一缺陷。,bili.xcodeproj/project.pbxproj; bili/Sources/Features/Player
2694,[Bug] 切换到 5G 看视频以后，依然沿用 WiFi 下的高画质导致卡顿。,https://github.com/bggRGjQaUbCoE/PiliPlus/issues/2694,open,2026-08-25T02:41:37Z,原生复现与回归候选,P0/P1,将现象转为 AVPlayer/AVAudioSession、网络、队列或布局测试；先在本仓库复现再修复。上游 bug 不等于原生仓库已确认 bug，模拟器不能代替音频路由和真机能耗验收。,
2691,[FR] 希望添加一个常用表情页面,https://github.com/bggRGjQaUbCoE/PiliPlus/issues/2691,open,2026-08-24T19:33:54Z,可实现的界面与交互增强,P1/P2,可按 SwiftUI/UIKit 的现有导航与设置逐项补齐，统一液态玻璃组件；优先快捷入口、搜索、精确进度、触控和无障碍，复杂手势/自定义布局后置。部分已有基础需先核对。,
2686,[Bug] windows端，直播间的弹幕表情包图片大小异常,https://github.com/bggRGjQaUbCoE/PiliPlus/issues/2686,open,2026-08-24T13:26:51Z,平台或后端不直接适用,不直接移植,报告针对 Android/Windows/Linux/macOS 或 mpv/Flutter/桌面集成；当前产品为 SwiftUI + AVPlayer 的 iOS 应用。可提取通用验收场景，但未证明存在同一缺陷。,bili.xcodeproj/project.pbxproj; bili/Sources/Features/Player
2685,[Bug] windows端，在首页改变窗口大小，首页视频的封面图片会闪烁,https://github.com/bggRGjQaUbCoE/PiliPlus/issues/2685,open,2026-08-25T02:31:06Z,平台或后端不直接适用,不直接移植,报告针对 Android/Windows/Linux/macOS 或 mpv/Flutter/桌面集成；当前产品为 SwiftUI + AVPlayer 的 iOS 应用。可提取通用验收场景，但未证明存在同一缺陷。,bili.xcodeproj/project.pbxproj; bili/Sources/Features/Player
2682,[Bug] 音画不同步 切换卡屏,https://github.com/bggRGjQaUbCoE/PiliPlus/issues/2682,open,2026-08-24T10:11:08Z,原生复现与回归候选,P0/P1,将现象转为 AVPlayer/AVAudioSession、网络、队列或布局测试；先在本仓库复现再修复。上游 bug 不等于原生仓库已确认 bug，模拟器不能代替音频路由和真机能耗验收。,
2680,[Bug] 投屏不了除云视听小电视以外的app,https://github.com/bggRGjQaUbCoE/PiliPlus/issues/2680,open,2026-08-24T08:04:31Z,较大功能或外部依赖,P2/专项,需要独立设计或协议/设备验证：高级弹幕/互动、人像蒙版、富文本笔记、一起看、小窗、预览、第三方数据源、离线格式或投屏/直播鉴权。不能只加按钮或复制 Flutter 代码即视为完成。,
2679,[FR] 评论区树状显示,https://github.com/bggRGjQaUbCoE/PiliPlus/issues/2679,open,2026-08-27T23:28:09Z,较大功能或外部依赖,P2/专项,PR #2927 可供业务参考；原生仍为楼中楼/对话视图，树状折叠需支持分页、已删父节点与可访问性。,
2677,[Bug] 三星Tab S9无法正常结束进程,https://github.com/bggRGjQaUbCoE/PiliPlus/issues/2677,open,2026-08-24T06:07:12Z,平台或后端不直接适用,不直接移植,报告针对 Android/Windows/Linux/macOS 或 mpv/Flutter/桌面集成；当前产品为 SwiftUI + AVPlayer 的 iOS 应用。可提取通用验收场景，但未证明存在同一缺陷。,bili.xcodeproj/project.pbxproj; bili/Sources/Features/Player
2675,[FR] 希望投屏功能可以选择画质和集数,https://github.com/bggRGjQaUbCoE/PiliPlus/issues/2675,open,2026-08-24T05:35:17Z,较大功能或外部依赖,P2/专项,需要独立设计或协议/设备验证：高级弹幕/互动、人像蒙版、富文本笔记、一起看、小窗、预览、第三方数据源、离线格式或投屏/直播鉴权。不能只加按钮或复制 Flutter 代码即视为完成。,
2670,[FR] 耳机按键支持，播放/暂停,https://github.com/bggRGjQaUbCoE/PiliPlus/issues/2670,open,2026-08-24T03:16:31Z,已有基础，核对剩余差异,核验/增量,已有系统播放/暂停媒体命令处理；硬件耳机按键属于真机验收。,
2669,[FR] 希望增加对动态页所有UP主未读动态的红点显示,https://github.com/bggRGjQaUbCoE/PiliPlus/issues/2669,open,2026-08-24T02:13:50Z,可实现的原生增强,P1/P2,全关注动态未读标记、分组筛选和已读水位；按账号存储，分页合并不能使旧动态恢复未读。,bili/Sources/Features/Dynamic
2663,[FR] 支持自定义 CDN、禁用 CDN 及调整测速优先级,https://github.com/bggRGjQaUbCoE/PiliPlus/issues/2663,open,2026-08-23T14:10:50Z,可实现的原生增强,P1/P2,原生已有自定义 CDN/测速/自动避让；缺统一的节点禁用与拖动优先级管理，不能把整项算成未实现。,
2661,[FR] 进度条可以自定义加宽吗,https://github.com/bggRGjQaUbCoE/PiliPlus/issues/2661,open,2026-08-23T19:45:17Z,可实现的界面与交互增强,P1/P2,可按 SwiftUI/UIKit 的现有导航与设置逐项补齐，统一液态玻璃组件；优先快捷入口、搜索、精确进度、触控和无障碍，复杂手势/自定义布局后置。部分已有基础需先核对。,
2658,[Bug] 播放一个视频播放到一半视频画面卡住，声音还在播放。,https://github.com/bggRGjQaUbCoE/PiliPlus/issues/2658,open,2026-08-23T13:43:41Z,平台或后端不直接适用,不直接移植,报告针对 Android/Windows/Linux/macOS 或 mpv/Flutter/桌面集成；当前产品为 SwiftUI + AVPlayer 的 iOS 应用。可提取通用验收场景，但未证明存在同一缺陷。,bili.xcodeproj/project.pbxproj; bili/Sources/Features/Player
2656,添加二维码功能不然登录太麻烦了,https://github.com/bggRGjQaUbCoE/PiliPlus/issues/2656,open,2026-08-24T06:01:13Z,信息不足,需补信息,正文缺少可执行需求或复现步骤；不据此承诺修复。二维码自登录已有，扫码授权其他设备需另行区分。,
2653,[FR] 是否可以添加像原版一样的扫描二维码功能,https://github.com/bggRGjQaUbCoE/PiliPlus/issues/2653,open,2026-09-06T14:30:49Z,可实现的原生增强,P1,分享海报/二维码可用系统图形 API；扫描授权 Web/TV 登录要校验域名、展示待授权设备并由用户确认，不能把已有的二维码自登录当作完成。,
2650,[FR] Android搜索栏不支持快捷键,https://github.com/bggRGjQaUbCoE/PiliPlus/issues/2650,open,2026-08-23T04:56:59Z,平台或后端不直接适用,不直接移植,报告针对 Android/Windows/Linux/macOS 或 mpv/Flutter/桌面集成；当前产品为 SwiftUI + AVPlayer 的 iOS 应用。可提取通用验收场景，但未证明存在同一缺陷。,bili.xcodeproj/project.pbxproj; bili/Sources/Features/Player
2649,[FR] Add volume control button to desktop video player,https://github.com/bggRGjQaUbCoE/PiliPlus/issues/2649,open,2026-08-23T03:53:43Z,平台或后端不直接适用,不直接移植,报告针对 Android/Windows/Linux/macOS 或 mpv/Flutter/桌面集成；当前产品为 SwiftUI + AVPlayer 的 iOS 应用。可提取通用验收场景，但未证明存在同一缺陷。,bili.xcodeproj/project.pbxproj; bili/Sources/Features/Player
2629,[FR]离线缓存下载数量,https://github.com/bggRGjQaUbCoE/PiliPlus/issues/2629,open,2026-08-22T09:29:10Z,可实现的原生增强,P1,离线 pumpQueue 目前按视频串行处理；可加有上限的并发，先保障双轨完整性、空间和失败重试。,bili/Sources/Services/PiliOfflineStore.swift; bili/Sources/Services/PiliOfflineSessionDelegate.swift
2620,[FR] 下载后的视屏无法用已有的音频播放功能,https://github.com/bggRGjQaUbCoE/PiliPlus/issues/2620,open,2026-08-22T06:41:40Z,可实现的原生增强,P1,当前离线界面以本地视频播放器为主；需增加本地纯音频播放模式及其队列，不能用在线听视频替代。,bili/Sources/Services/PiliOfflineStore.swift; bili/Sources/Services/PiliOfflineSessionDelegate.swift
2617,视频长时间加载且点击播放详情页面时会卡顿,https://github.com/bggRGjQaUbCoE/PiliPlus/issues/2617,open,2026-08-22T08:39:52Z,信息不足,需补信息,正文缺少可执行需求或复现步骤；不据此承诺修复。二维码自登录已有，扫码授权其他设备需另行区分。,
2606,[FR] 分享功能可不可以只复制链接,https://github.com/bggRGjQaUbCoE/PiliPlus/issues/2606,open,2026-09-12T09:14:54Z,可实现的界面与交互增强,P1/P2,可按 SwiftUI/UIKit 的现有导航与设置逐项补齐，统一液态玻璃组件；优先快捷入口、搜索、精确进度、触控和无障碍，复杂手势/自定义布局后置。部分已有基础需先核对。,
2596,[FR] 希望支持pc多媒体控制协议,https://github.com/bggRGjQaUbCoE/PiliPlus/issues/2596,open,2026-08-30T03:37:01Z,平台或后端不直接适用,不直接移植,报告针对 Android/Windows/Linux/macOS 或 mpv/Flutter/桌面集成；当前产品为 SwiftUI + AVPlayer 的 iOS 应用。可提取通用验收场景，但未证明存在同一缺陷。,bili.xcodeproj/project.pbxproj; bili/Sources/Features/Player
2588,[FR] 缓存自动下载字幕,https://github.com/bggRGjQaUbCoE/PiliPlus/issues/2588,open,2026-08-20T03:27:03Z,已有基础，核对剩余差异,核验/增量,PiliOfflineStore 已拉取并保存字幕 JSON，离线播放器已读取；按语言包含/排除、排除 AI、批量全部下载仍缺策略。,
2584,[FR] 希望PC端增加一个音量均衡的功能,https://github.com/bggRGjQaUbCoE/PiliPlus/issues/2584,open,2026-08-19T14:05:37Z,平台或后端不直接适用,不直接移植,报告针对 Android/Windows/Linux/macOS 或 mpv/Flutter/桌面集成；当前产品为 SwiftUI + AVPlayer 的 iOS 应用。可提取通用验收场景，但未证明存在同一缺陷。,bili.xcodeproj/project.pbxproj; bili/Sources/Features/Player
2580,[FR] 增加对本地黑名单的支持,https://github.com/bggRGjQaUbCoE/PiliPlus/issues/2580,open,2026-08-19T11:15:19Z,可实现的原生增强,P1/P2,在已有本地过滤上补 MID/作者/纯 @/正则/话题规则，直播也在展示前过滤；官方云屏蔽词与本地规则不同。等级、完播率等字段需确认接口是否提供，不为每条内容额外请求。,bili/Sources/Features/Home/VideoRecommendationFilter.swift; bili/Sources/Features/Dynamic/DynamicFeedContentFilter.swift
2576,[FR],https://github.com/bggRGjQaUbCoE/PiliPlus/issues/2576,open,2026-08-18T08:54:45Z,平台或后端不直接适用,不直接移植,报告针对 Android/Windows/Linux/macOS 或 mpv/Flutter/桌面集成；当前产品为 SwiftUI + AVPlayer 的 iOS 应用。可提取通用验收场景，但未证明存在同一缺陷。,bili.xcodeproj/project.pbxproj; bili/Sources/Features/Player
2574,播放长视频时间久了，画面卡住只有声音,https://github.com/bggRGjQaUbCoE/PiliPlus/issues/2574,open,2026-08-23T03:42:01Z,原生复现与回归候选,P0/P1,将现象转为 AVPlayer/AVAudioSession、网络、队列或布局测试；先在本仓库复现再修复。上游 bug 不等于原生仓库已确认 bug，模拟器不能代替音频路由和真机能耗验收。,
2568,[FR] 希望能加入同官方版本的双语字幕,https://github.com/bggRGjQaUbCoE/PiliPlus/issues/2568,open,2026-08-17T09:50:38Z,可实现的原生增强,P1/P2,字幕增加前景色和双轨时间轴对齐；区分服务端现成双语与两条字幕合成。按静音/人工字幕优先策略选轨，粉丝阈值另评估必要性，避免额外逐 UP 请求。,bili/Sources/Features/Player/PiliSubtitleViews.swift; bili/Sources/Features/Player/PiliSubtitleController.swift
2553,[FR] 侧边栏支持添加「我的」页面高频功能快捷入口（观看记录/离线缓存/我的订阅/稍后再看）,https://github.com/bggRGjQaUbCoE/PiliPlus/issues/2553,open,2026-08-15T13:22:29Z,可实现的界面与交互增强,P1/P2,可按 SwiftUI/UIKit 的现有导航与设置逐项补齐，统一液态玻璃组件；优先快捷入口、搜索、精确进度、触控和无障碍，复杂手势/自定义布局后置。部分已有基础需先核对。,
2541,[FR] 不用备份wabdav密码等信息,https://github.com/bggRGjQaUbCoE/PiliPlus/issues/2541,open,2026-08-13T19:43:16Z,已有基础，核对剩余差异,核验/增量,WebDAV 密码存 Keychain，SettingsArchive 白名单排除凭据；已有核心测试。恢复不覆盖凭据的原则已覆盖。,
2538,[FR] [FR] 希望增加一个“无社交模式”,https://github.com/bggRGjQaUbCoE/PiliPlus/issues/2538,open,2026-08-29T13:36:53Z,可实现的界面与交互增强,P1/P2,可按 SwiftUI/UIKit 的现有导航与设置逐项补齐，统一液态玻璃组件；优先快捷入口、搜索、精确进度、触控和无障碍，复杂手势/自定义布局后置。部分已有基础需先核对。,
2530,[FR] 更新MPV以支持Vulkan,https://github.com/bggRGjQaUbCoE/PiliPlus/issues/2530,open,2026-08-12T10:13:12Z,平台或后端不直接适用,不直接移植,报告针对 Android/Windows/Linux/macOS 或 mpv/Flutter/桌面集成；当前产品为 SwiftUI + AVPlayer 的 iOS 应用。可提取通用验收场景，但未证明存在同一缺陷。,bili.xcodeproj/project.pbxproj; bili/Sources/Features/Player
2524,[FR] 屏幕锁定,https://github.com/bggRGjQaUbCoE/PiliPlus/issues/2524,open,2026-08-29T13:39:10Z,可实现的原生增强,P1,已有防误触锁定按钮，但目前只限制触摸并在离开横屏时解锁；尚未把锁定状态接入设备旋转策略。,
2516,[FR] 建议添加EXO播放内核,https://github.com/bggRGjQaUbCoE/PiliPlus/issues/2516,open,2026-08-10T11:48:01Z,平台或后端不直接适用,不直接移植,报告针对 Android/Windows/Linux/macOS 或 mpv/Flutter/桌面集成；当前产品为 SwiftUI + AVPlayer 的 iOS 应用。可提取通用验收场景，但未证明存在同一缺陷。,bili.xcodeproj/project.pbxproj; bili/Sources/Features/Player
2512,[FR] 希望增加直播投屏功能,https://github.com/bggRGjQaUbCoE/PiliPlus/issues/2512,open,2026-08-10T06:24:23Z,较大功能或外部依赖,P2/专项,需要独立设计或协议/设备验证：高级弹幕/互动、人像蒙版、富文本笔记、一起看、小窗、预览、第三方数据源、离线格式或投屏/直播鉴权。不能只加按钮或复制 Flutter 代码即视为完成。,
2511,[FR] 建议我的主页增加历史记录卡片，现在只有一个我的收藏。利用率不高，也不对称,https://github.com/bggRGjQaUbCoE/PiliPlus/issues/2511,open,2026-08-10T05:31:26Z,可实现的界面与交互增强,P1/P2,可按 SwiftUI/UIKit 的现有导航与设置逐项补齐，统一液态玻璃组件；优先快捷入口、搜索、精确进度、触控和无障碍，复杂手势/自定义布局后置。部分已有基础需先核对。,
2509,[FR] 希望能够优化PC端弹幕描边功能,https://github.com/bggRGjQaUbCoE/PiliPlus/issues/2509,open,2026-08-09T15:35:28Z,平台或后端不直接适用,不直接移植,报告针对 Android/Windows/Linux/macOS 或 mpv/Flutter/桌面集成；当前产品为 SwiftUI + AVPlayer 的 iOS 应用。可提取通用验收场景，但未证明存在同一缺陷。,bili.xcodeproj/project.pbxproj; bili/Sources/Features/Player
2507,"[FR] 在""视频分区关键词过滤""中加入正则表达式支持",https://github.com/bggRGjQaUbCoE/PiliPlus/issues/2507,open,2026-08-09T23:09:47Z,可实现的原生增强,P1/P2,在已有本地过滤上补 MID/作者/纯 @/正则/话题规则，直播也在展示前过滤；官方云屏蔽词与本地规则不同。等级、完播率等字段需确认接口是否提供，不为每条内容额外请求。,bili/Sources/Features/Home/VideoRecommendationFilter.swift; bili/Sources/Features/Dynamic/DynamicFeedContentFilter.swift
2504,[FR] “我的”界面，希望能增加“观看历史”视频的直达卡片入口（目前是只有“我的收藏”）,https://github.com/bggRGjQaUbCoE/PiliPlus/issues/2504,open,2026-08-11T09:14:53Z,可实现的界面与交互增强,P1/P2,可按 SwiftUI/UIKit 的现有导航与设置逐项补齐，统一液态玻璃组件；优先快捷入口、搜索、精确进度、触控和无障碍，复杂手势/自定义布局后置。部分已有基础需先核对。,
2503,[FR] 点击下方导航栏上的“首页”和“动态”按钮进行刷新页面时，希望能增加一个刷新动画的反馈,https://github.com/bggRGjQaUbCoE/PiliPlus/issues/2503,open,2026-08-11T09:15:12Z,可实现的界面与交互增强,P1/P2,可按 SwiftUI/UIKit 的现有导航与设置逐项补齐，统一液态玻璃组件；优先快捷入口、搜索、精确进度、触控和无障碍，复杂手势/自定义布局后置。部分已有基础需先核对。,
2488,"[FR] 新增""自动选择最佳音质""选项",https://github.com/bggRGjQaUbCoE/PiliPlus/issues/2488,open,2026-08-08T09:04:36Z,可实现的原生增强,P1/P2,已有 bestAudioStream，但 audioPlaybackRank 为 AAC 优先，之后 Dolby、无损；可加明确可选的最佳音质策略，保留兼容默认和失败回退。,
2424,[FR] 全屏播放并锁定时忽略重力转屏,https://github.com/bggRGjQaUbCoE/PiliPlus/issues/2424,open,2026-06-14T01:32:17Z,可实现的原生增强,P1,可做且有原生代码依据：isGlassControlsLocked 未约束方向协调器，应把防误触与锁定当前方向分开设置。,
2422,"[Bug] 不知道算不算bug,emoji从缓存好的,变成动态加载的了,每次打开表情页会刷新一次,没有原来体感好了",https://github.com/bggRGjQaUbCoE/PiliPlus/issues/2422,open,2026-06-14T00:10:23Z,可实现的界面与交互增强,P1/P2,可按 SwiftUI/UIKit 的现有导航与设置逐项补齐，统一液态玻璃组件；优先快捷入口、搜索、精确进度、触控和无障碍，复杂手势/自定义布局后置。部分已有基础需先核对。,
2421,[FR] 显示动态编辑日期、提供复制链接选项等,https://github.com/bggRGjQaUbCoE/PiliPlus/issues/2421,open,2026-06-13T23:08:56Z,可实现的原生增强,P1,可补原生 API/入口：账号用途隔离、视频举报、折叠评论/翻译、消息/动态/订阅/专栏与收藏搜索；按正文拆分实现，写请求绑定账号且失败不盲目重试。,bili/Sources/Services; bili/Sources/Features/Mine; bili/Sources/Features/Dynamic
2420,[FR] 添加直播切换线路的功能,https://github.com/bggRGjQaUbCoE/PiliPlus/issues/2420,open,2026-06-14T02:13:15Z,已有基础，核对剩余差异,核验/增量,LiveStreamMenu 和线路切换/首帧慢自动备用已存在；区分编码、画质与具体主机的选择粒度。,
2419,[FR] 互动视频没有时间回溯功能,https://github.com/bggRGjQaUbCoE/PiliPlus/issues/2419,open,2026-10-04T01:26:47Z,已有基础，核对剩余差异,核验/增量,已有历史分支回看和按账号/图版本保存路径；PR #3172 的隐藏变量快照、禁止回溯和事务回滚未实现。,
2417,[FR] 对提前初始化播放器增加网络检测功能,https://github.com/bggRGjQaUbCoE/PiliPlus/issues/2417,open,2026-06-13T14:14:20Z,已有基础，核对剩余差异,核验/增量,已有网络/资源环境限制与预热策略；核验蜂窝下用户可见的仅 Wi-Fi 开关和网络切换后取消在途预热。,
2416,[FR],https://github.com/bggRGjQaUbCoE/PiliPlus/issues/2416,open,2026-06-13T13:24:25Z,可实现的界面与交互增强,P1/P2,可按 SwiftUI/UIKit 的现有导航与设置逐项补齐，统一液态玻璃组件；优先快捷入口、搜索、精确进度、触控和无障碍，复杂手势/自定义布局后置。部分已有基础需先核对。,
2415,[FR] 新增更新弹窗中的“忽略此版本”按钮,https://github.com/bggRGjQaUbCoE/PiliPlus/issues/2415,open,2026-06-13T10:53:35Z,发布与分发增强,P2,可改善英文说明、IPA 命名/版本识别、忽略版本及 AltStore 源；Homebrew 不属于当前 iOS 工程，安装仍需用户自己的签名方式。,
2414,[FR] 希望发布的安装包文件名中包含完整版本号,https://github.com/bggRGjQaUbCoE/PiliPlus/issues/2414,open,2026-06-13T09:30:45Z,发布与分发增强,P2,可改善英文说明、IPA 命名/版本识别、忽略版本及 AltStore 源；Homebrew 不属于当前 iOS 工程，安装仍需用户自己的签名方式。,
2413,[FR] 建议增加自定义下载视频缓存路径（支持外置 SD 卡）,https://github.com/bggRGjQaUbCoE/PiliPlus/issues/2413,open,2026-06-13T07:20:05Z,平台或后端不直接适用,不直接移植,报告针对 Android/Windows/Linux/macOS 或 mpv/Flutter/桌面集成；当前产品为 SwiftUI + AVPlayer 的 iOS 应用。可提取通用验收场景，但未证明存在同一缺陷。,bili.xcodeproj/project.pbxproj; bili/Sources/Features/Player
2402,[Bug] 我是三星手机s24，今天上午被强制退出登录，再短信登录，收到验证码之后输入，显示登陆成功，但实际没有登进去,https://github.com/bggRGjQaUbCoE/PiliPlus/issues/2402,open,2026-06-14T06:23:13Z,原生复现与回归候选,P0/P1,将现象转为 AVPlayer/AVAudioSession、网络、队列或布局测试；先在本仓库复现再修复。上游 bug 不等于原生仓库已确认 bug，模拟器不能代替音频路由和真机能耗验收。,
2399,[Bug] 优化软件的无障碍,https://github.com/bggRGjQaUbCoE/PiliPlus/issues/2399,open,2026-06-12T08:50:04Z,可实现的原生增强,P1,优先做锁屏与方向协调、刘海安全区、VoiceOver/大字体、键盘布局、弹幕帧率能耗，以及空降片段预览期间禁止自动连播。需针对原生布局/播放器验证。,
2391,[FR] 显示折叠评论,https://github.com/bggRGjQaUbCoE/PiliPlus/issues/2391,open,2026-09-27T04:08:10Z,可实现的原生增强,P1,折叠评论属于接口分页与可见性能力，需先取得合法账号可见的折叠数据；不保证显示平台不返回的内容。,bili/Sources/Services; bili/Sources/Features/Mine; bili/Sources/Features/Dynamic
2390,[FR] 中英文双语字幕,https://github.com/bggRGjQaUbCoE/PiliPlus/issues/2390,open,2026-06-11T18:09:28Z,可实现的原生增强,P1/P2,字幕增加前景色和双轨时间轴对齐；区分服务端现成双语与两条字幕合成。按静音/人工字幕优先策略选轨，粉丝阈值另评估必要性，避免额外逐 UP 请求。,bili/Sources/Features/Player/PiliSubtitleViews.swift; bili/Sources/Features/Player/PiliSubtitleController.swift
2389,[FR] 能不能添加一个中英文对照的双语字幕的功能,https://github.com/bggRGjQaUbCoE/PiliPlus/issues/2389,open,2026-06-11T16:45:08Z,可实现的原生增强,P1/P2,字幕增加前景色和双轨时间轴对齐；区分服务端现成双语与两条字幕合成。按静音/人工字幕优先策略选轨，粉丝阈值另评估必要性，避免额外逐 UP 请求。,bili/Sources/Features/Player/PiliSubtitleViews.swift; bili/Sources/Features/Player/PiliSubtitleController.swift
2380,[FR] 可不可以加一个点状态栏那个地方返回最顶端,https://github.com/bggRGjQaUbCoE/PiliPlus/issues/2380,open,2026-06-12T04:05:19Z,可实现的界面与交互增强,P1/P2,可按 SwiftUI/UIKit 的现有导航与设置逐项补齐，统一液态玻璃组件；优先快捷入口、搜索、精确进度、触控和无障碍，复杂手势/自定义布局后置。部分已有基础需先核对。,
2379,[FR] 需要像原版一样的弹幕互动,https://github.com/bggRGjQaUbCoE/PiliPlus/issues/2379,open,2026-06-10T11:39:17Z,较大功能或外部依赖,P2/专项,需要独立设计或协议/设备验证：高级弹幕/互动、人像蒙版、富文本笔记、一起看、小窗、预览、第三方数据源、离线格式或投屏/直播鉴权。不能只加按钮或复制 Flutter 代码即视为完成。,
2377,[Bug] 极端网络下听视频的问题,https://github.com/bggRGjQaUbCoE/PiliPlus/issues/2377,open,2026-06-10T09:34:07Z,原生复现与回归候选,P0/P1,将现象转为 AVPlayer/AVAudioSession、网络、队列或布局测试；先在本仓库复现再修复。上游 bug 不等于原生仓库已确认 bug，模拟器不能代替音频路由和真机能耗验收。,
2376,"[Bug] 笔记功能的截图和时间戳功能失效,桌面端截图会闪退",https://github.com/bggRGjQaUbCoE/PiliPlus/issues/2376,open,2026-06-14T00:04:50Z,较大功能或外部依赖,P2/专项,需要独立设计或协议/设备验证：高级弹幕/互动、人像蒙版、富文本笔记、一起看、小窗、预览、第三方数据源、离线格式或投屏/直播鉴权。不能只加按钮或复制 Flutter 代码即视为完成。,
2354,[FR] 无法给UP的文章动态投币,https://github.com/bggRGjQaUbCoE/PiliPlus/issues/2354,open,2026-06-07T22:52:49Z,可实现的原生增强,P1,可补原生 API/入口：账号用途隔离、视频举报、折叠评论/翻译、消息/动态/订阅/专栏与收藏搜索；按正文拆分实现，写请求绑定账号且失败不盲目重试。,bili/Sources/Services; bili/Sources/Features/Mine; bili/Sources/Features/Dynamic
2332,[FR] 直播间屏蔽弹幕发送者,https://github.com/bggRGjQaUbCoE/PiliPlus/issues/2332,open,2026-06-06T15:55:47Z,可实现的原生增强,P1/P2,在已有本地过滤上补 MID/作者/纯 @/正则/话题规则，直播也在展示前过滤；官方云屏蔽词与本地规则不同。等级、完播率等字段需确认接口是否提供，不为每条内容额外请求。,bili/Sources/Features/Home/VideoRecommendationFilter.swift; bili/Sources/Features/Dynamic/DynamicFeedContentFilter.swift
2299,[FR] 希望添加双指双击开关弹幕,https://github.com/bggRGjQaUbCoE/PiliPlus/issues/2299,open,2026-08-24T14:39:43Z,可实现的界面与交互增强,P1/P2,可按 SwiftUI/UIKit 的现有导航与设置逐项补齐，统一液态玻璃组件；优先快捷入口、搜索、精确进度、触控和无障碍，复杂手势/自定义布局后置。部分已有基础需先核对。,
2284,[Bug] 无法切换合集中的视频,https://github.com/bggRGjQaUbCoE/PiliPlus/issues/2284,open,2026-06-05T03:26:15Z,原生复现与回归候选,P0/P1,将现象转为 AVPlayer/AVAudioSession、网络、队列或布局测试；先在本仓库复现再修复。上游 bug 不等于原生仓库已确认 bug，模拟器不能代替音频路由和真机能耗验收。,
2281,[FR] `大家都在搜`在大屏下显示多列,https://github.com/bggRGjQaUbCoE/PiliPlus/issues/2281,open,2026-06-03T06:38:47Z,可实现的界面与交互增强,P1/P2,可按 SwiftUI/UIKit 的现有导航与设置逐项补齐，统一液态玻璃组件；优先快捷入口、搜索、精确进度、触控和无障碍，复杂手势/自定义布局后置。部分已有基础需先核对。,
2272,[FR] 发布动态时退出自动保存本次编辑,https://github.com/bggRGjQaUbCoE/PiliPlus/issues/2272,open,2026-06-02T23:56:43Z,可实现的原生增强,P1,可补原生 API/入口：账号用途隔离、视频举报、折叠评论/翻译、消息/动态/订阅/专栏与收藏搜索；按正文拆分实现，写请求绑定账号且失败不盲目重试。,bili/Sources/Services; bili/Sources/Features/Mine; bili/Sources/Features/Dynamic
2264,[FR] 针对分段进度条功能小横条的改进,https://github.com/bggRGjQaUbCoE/PiliPlus/issues/2264,open,2026-06-02T13:25:18Z,可实现的界面与交互增强,P1/P2,可按 SwiftUI/UIKit 的现有导航与设置逐项补齐，统一液态玻璃组件；优先快捷入口、搜索、精确进度、触控和无障碍，复杂手势/自定义布局后置。部分已有基础需先核对。,
2247,[FR] 转义高级弹幕换行符,https://github.com/bggRGjQaUbCoE/PiliPlus/issues/2247,open,2026-05-30T22:52:53Z,较大功能或外部依赖,P2/专项,需要独立设计或协议/设备验证：高级弹幕/互动、人像蒙版、富文本笔记、一起看、小窗、预览、第三方数据源、离线格式或投屏/直播鉴权。不能只加按钮或复制 Flutter 代码即视为完成。,
2214,[FR] 希望添加一个话题标签过滤,https://github.com/bggRGjQaUbCoE/PiliPlus/issues/2214,open,2026-09-13T14:36:01Z,可实现的原生增强,P1/P2,在已有本地过滤上补 MID/作者/纯 @/正则/话题规则，直播也在展示前过滤；官方云屏蔽词与本地规则不同。等级、完播率等字段需确认接口是否提供，不为每条内容额外请求。,bili/Sources/Features/Home/VideoRecommendationFilter.swift; bili/Sources/Features/Dynamic/DynamicFeedContentFilter.swift
2212,[FR] 搜索收藏夹,https://github.com/bggRGjQaUbCoE/PiliPlus/issues/2212,open,2026-05-26T01:55:10Z,可实现的原生增强,P1,可补原生 API/入口：账号用途隔离、视频举报、折叠评论/翻译、消息/动态/订阅/专栏与收藏搜索；按正文拆分实现，写请求绑定账号且失败不盲目重试。,bili/Sources/Services; bili/Sources/Features/Mine; bili/Sources/Features/Dynamic
2193,希望下载视频合集会归到一起,https://github.com/bggRGjQaUbCoE/PiliPlus/issues/2193,open,2026-06-11T16:23:29Z,可实现的原生增强,P1,完善离线队列：合集归组与批量入队、章节元数据、仅音频下载/导出、并发上限与编码/音质选择。现有 URLSession 下载、视频合并导出与字幕保存可复用。,bili/Sources/Services/PiliOfflineStore.swift; bili/Sources/Services/PiliOfflineSessionDelegate.swift
2190,[FR] 播放顺序-仅合集连播,https://github.com/bggRGjQaUbCoE/PiliPlus/issues/2190,open,2026-05-28T08:09:30Z,可实现的界面与交互增强,P1/P2,可按 SwiftUI/UIKit 的现有导航与设置逐项补齐，统一液态玻璃组件；优先快捷入口、搜索、精确进度、触控和无障碍，复杂手势/自定义布局后置。部分已有基础需先核对。,
2158,[FR] 平板up主侧栏选择视频后不自动收起,https://github.com/bggRGjQaUbCoE/PiliPlus/issues/2158,open,2026-05-19T12:19:31Z,可实现的界面与交互增强,P1/P2,可按 SwiftUI/UIKit 的现有导航与设置逐项补齐，统一液态玻璃组件；优先快捷入口、搜索、精确进度、触控和无障碍，复杂手势/自定义布局后置。部分已有基础需先核对。,
2114,[FR] 平板播放页up主tab添加关闭按钮,https://github.com/bggRGjQaUbCoE/PiliPlus/issues/2114,open,2026-05-16T06:55:35Z,可实现的界面与交互增强,P1/P2,可按 SwiftUI/UIKit 的现有导航与设置逐项补齐，统一液态玻璃组件；优先快捷入口、搜索、精确进度、触控和无障碍，复杂手势/自定义布局后置。部分已有基础需先核对。,
2103,[FR] 宽屏下消息中心布局优化,https://github.com/bggRGjQaUbCoE/PiliPlus/issues/2103,open,2026-05-15T09:14:42Z,可实现的界面与交互增强,P1/P2,可按 SwiftUI/UIKit 的现有导航与设置逐项补齐，统一液态玻璃组件；优先快捷入口、搜索、精确进度、触控和无障碍，复杂手势/自定义布局后置。部分已有基础需先核对。,
2073,[FR] 1. 看直播没有加亲密度 2. 直播解码格式只有AVC,https://github.com/bggRGjQaUbCoE/PiliPlus/issues/2073,open,2026-08-28T10:37:32Z,较大功能或外部依赖,P2/专项,需要独立设计或协议/设备验证：高级弹幕/互动、人像蒙版、富文本笔记、一起看、小窗、预览、第三方数据源、离线格式或投屏/直播鉴权。不能只加按钮或复制 Flutter 代码即视为完成。,
2069,[Bug] 部分视频在高画质下播放异常,https://github.com/bggRGjQaUbCoE/PiliPlus/issues/2069,open,2026-09-30T12:14:37Z,平台或后端不直接适用,不直接移植,报告针对 Android/Windows/Linux/macOS 或 mpv/Flutter/桌面集成；当前产品为 SwiftUI + AVPlayer 的 iOS 应用。可提取通用验收场景，但未证明存在同一缺陷。,bili.xcodeproj/project.pbxproj; bili/Sources/Features/Player
2041,[FR] 桌面端有没有考虑做多标签页,https://github.com/bggRGjQaUbCoE/PiliPlus/issues/2041,open,2026-06-10T01:34:01Z,平台或后端不直接适用,不直接移植,报告针对 Android/Windows/Linux/macOS 或 mpv/Flutter/桌面集成；当前产品为 SwiftUI + AVPlayer 的 iOS 应用。可提取通用验收场景，但未证明存在同一缺陷。,bili.xcodeproj/project.pbxproj; bili/Sources/Features/Player
2033,[FR] 目前点击“我的评论”里的评论时，无法跳转至评论区的对应区域,https://github.com/bggRGjQaUbCoE/PiliPlus/issues/2033,open,2026-08-24T13:31:08Z,已有基础，核对剩余差异,核验/增量,已有我的评论路由与评论锚点支持；需核验分页定位、根评论缺失和高亮，不应重新实现整个评论入口。,
2015,[FR] 更好的分享与增加扫码功能和个人页面的已购课程入口,https://github.com/bggRGjQaUbCoE/PiliPlus/issues/2015,open,2026-05-29T15:12:16Z,复合需求需拆分,P1/P2,分享海报、扫描授权其他设备、已购课堂入口是三项工作；现有系统分享、二维码自登录和 PGC 播放不等同。,
2013,[FR] 收藏显示,https://github.com/bggRGjQaUbCoE/PiliPlus/issues/2013,open,2026-05-07T04:19:37Z,可实现的界面与交互增强,P1/P2,可按 SwiftUI/UIKit 的现有导航与设置逐项补齐，统一液态玻璃组件；优先快捷入口、搜索、精确进度、触控和无障碍，复杂手势/自定义布局后置。部分已有基础需先核对。,
2007,[FR] 弹幕颜色自定义数值保留,https://github.com/bggRGjQaUbCoE/PiliPlus/issues/2007,open,2026-05-06T13:20:34Z,可实现的界面与交互增强,P1/P2,可按 SwiftUI/UIKit 的现有导航与设置逐项补齐，统一液态玻璃组件；优先快捷入口、搜索、精确进度、触控和无障碍，复杂手势/自定义布局后置。部分已有基础需先核对。,
2005,[FR] 希望增加视频缓存,https://github.com/bggRGjQaUbCoE/PiliPlus/issues/2005,open,2026-06-07T00:09:45Z,已有基础，核对剩余差异,核验/增量,原生已有 HLS Bridge/媒体磁盘缓存；需核对循环、seek 和 URL 变更时的缓存命中，不采用 mpv 参数。,
1985,[FR] 添加设置/优化 直播/视频/评论 发送 弹幕/留言 面板的键盘弹出速度,https://github.com/bggRGjQaUbCoE/PiliPlus/issues/1985,open,2026-05-05T05:38:25Z,可实现的界面与交互增强,P1/P2,可按 SwiftUI/UIKit 的现有导航与设置逐项补齐，统一液态玻璃组件；优先快捷入口、搜索、精确进度、触控和无障碍，复杂手势/自定义布局后置。部分已有基础需先核对。,
1969,[Bug] 互动视频显示问题,https://github.com/bggRGjQaUbCoE/PiliPlus/issues/1969,open,2026-10-04T01:26:20Z,原生复现与回归候选,P0/P1,将现象转为 AVPlayer/AVAudioSession、网络、队列或布局测试；先在本仓库复现再修复。上游 bug 不等于原生仓库已确认 bug，模拟器不能代替音频路由和真机能耗验收。,
1960,[Bug] iOS 下应用从后台返回前台退回软解,https://github.com/bggRGjQaUbCoE/PiliPlus/issues/1960,open,2026-05-22T04:30:10Z,原生复现与回归候选,P0/P1,iOS 相同不代表后端相同；当前不使用 mpv/hwdec。可用 AVPlayer/VideoToolbox 指标核验恢复与功耗。,
1949,[FR] 建议在番剧和影视播放页增加季列表切换以及PV、预告等附加内容,https://github.com/bggRGjQaUbCoE/PiliPlus/issues/1949,open,2026-05-02T15:23:06Z,可实现的原生增强,P1,可补原生 API/入口：账号用途隔离、视频举报、折叠评论/翻译、消息/动态/订阅/专栏与收藏搜索；按正文拆分实现，写请求绑定账号且失败不盲目重试。,bili/Sources/Services; bili/Sources/Features/Mine; bili/Sources/Features/Dynamic
1924,[FR] 一键回到顶部,https://github.com/bggRGjQaUbCoE/PiliPlus/issues/1924,open,2026-05-01T13:16:29Z,可实现的界面与交互增强,P1/P2,可按 SwiftUI/UIKit 的现有导航与设置逐项补齐，统一液态玻璃组件；优先快捷入口、搜索、精确进度、触控和无障碍，复杂手势/自定义布局后置。部分已有基础需先核对。,
1923,[FR] 能否将首页的播放量和弹幕数量展示位置，放在时间在同一行,https://github.com/bggRGjQaUbCoE/PiliPlus/issues/1923,open,2026-05-01T01:22:52Z,已有基础，核对剩余差异,核验/增量,参考图重构已把作者/播放量/日期置于封面下；是否精确采用该 issue 布局是样式选择，不是业务缺失。,
1914,[Bug] macbook 外接显示器功耗异常,https://github.com/bggRGjQaUbCoE/PiliPlus/issues/1914,open,2026-09-20T03:38:53Z,平台或后端不直接适用,不直接移植,报告针对 Android/Windows/Linux/macOS 或 mpv/Flutter/桌面集成；当前产品为 SwiftUI + AVPlayer 的 iOS 应用。可提取通用验收场景，但未证明存在同一缺陷。,bili.xcodeproj/project.pbxproj; bili/Sources/Features/Player
1905,[FR]希望在播放页面增加和web端（或pc端）一致的唤起播放进度条操作逻辑,https://github.com/bggRGjQaUbCoE/PiliPlus/issues/1905,open,2026-04-28T07:34:58Z,可实现的界面与交互增强,P1/P2,可按 SwiftUI/UIKit 的现有导航与设置逐项补齐，统一液态玻璃组件；优先快捷入口、搜索、精确进度、触控和无障碍，复杂手势/自定义布局后置。部分已有基础需先核对。,
1900,[FR] 为“我的”界面当中添加一个可以直接看到的可以点击的观看记录，稍后再看，我的订阅等视频的设置,https://github.com/bggRGjQaUbCoE/PiliPlus/issues/1900,open,2026-04-27T10:30:04Z,可实现的界面与交互增强,P1/P2,可按 SwiftUI/UIKit 的现有导航与设置逐项补齐，统一液态玻璃组件；优先快捷入口、搜索、精确进度、触控和无障碍，复杂手势/自定义布局后置。部分已有基础需先核对。,
